lsoacode,lsoaname,laname,wimd2019
W01000001,Aberffraw & Rhosneigr 1,Isle of Anglesey,19.2
W01000002,Aberffraw & Rhosneigr 2,Isle of Anglesey,12.2
W01000003,Amlwch Port,Isle of Anglesey,26.8
W01000004,Amlwch Rural,Isle of Anglesey,15.5
W01000005,Beaumaris,Isle of Anglesey,16.0
W01000006,Bodffordd,Isle of Anglesey,15.2
W01000007,Bodorgan,Isle of Anglesey,16.4
W01000008,Braint,Isle of Anglesey,3.7
W01000009,Bryngwran,Isle of Anglesey,20.4
W01000010,Brynteg,Isle of Anglesey,7.2
W01000011,Cadnant (Isle of Anglesey),Isle of Anglesey,11.4
W01000012,Cefni,Isle of Anglesey,9.4
W01000013,Cwm Cadnant,Isle of Anglesey,4.2
W01000014,Cyngar,Isle of Anglesey,14.1
W01000015,Gwyngyll,Isle of Anglesey,5.7
W01000016,Holyhead Town,Isle of Anglesey,46.1
W01000017,Kingsland,Isle of Anglesey,28.7
W01000018,Llanbadrig,Isle of Anglesey,14.8
W01000019,Llanbedrgoch,Isle of Anglesey,13.5
W01000020,Llanddyfnan,Isle of Anglesey,10.6
W01000021,Llaneilian,Isle of Anglesey,16.3
W01000022,Llanfaethlu,Isle of Anglesey,19.8
W01000023,Llanfair-yn-Neubwll 1,Isle of Anglesey,17.4
W01000024,Llanfair-yn-Neubwll 2,Isle of Anglesey,16.2
W01000025,Llanfihangel Ysgeifiog,Isle of Anglesey,12.5
W01000026,Llangoed,Isle of Anglesey,18.1
W01000027,Llanidan,Isle of Anglesey,17.9
W01000028,Llannerch-y-medd,Isle of Anglesey,22.3
W01000029,London Road,Isle of Anglesey,34.0
W01000030,Maeshyfryd,Isle of Anglesey,34.4
W01000031,Mechell,Isle of Anglesey,19.6
W01000032,Moelfre,Isle of Anglesey,16.2
W01000033,Morawelon,Isle of Anglesey,41.3
W01000034,Parc a'r Mynydd,Isle of Anglesey,14.1
W01000035,Pentraeth,Isle of Anglesey,15.6
W01000036,Porthyfelin 1,Isle of Anglesey,36.1
W01000037,Porthyfelin 2,Isle of Anglesey,17.6
W01000038,Rhosyr,Isle of Anglesey,21.5
W01000039,Trearddur 1,Isle of Anglesey,10.9
W01000040,Trearddur 2,Isle of Anglesey,12.2
W01000041,Tudur,Isle of Anglesey,36.5
W01000042,Tysilio,Isle of Anglesey,10.4
W01000043,Valley 1,Isle of Anglesey,18.7
W01000044,Valley 2,Isle of Anglesey,5.5
W01000047,Abererch,Gwynedd,13.5
W01000048,Abermaw 1,Gwynedd,18.8
W01000049,Abermaw 2,Gwynedd,16.4
W01000050,Arllechwedd,Gwynedd,19.8
W01000051,Bala,Gwynedd,14.5
W01000052,Bethel & Cwm-y-Glo 1,Gwynedd,7.5
W01000053,Bethel & Cwm-y-Glo 2,Gwynedd,12.3
W01000054,Bontnewydd,Gwynedd,11.1
W01000056,Bowydd and Rhiw,Gwynedd,26.6
W01000057,Brithdir and Llanfachreth/Ganllwyd/Llanelltyd,Gwynedd,19.1
W01000059,Cadnant (Gwynedd),Gwynedd,34.3
W01000060,Corris/Mawddwy,Gwynedd,21.4
W01000061,Criccieth,Gwynedd,7.4
W01000062,Deiniol,Gwynedd,19.3
W01000063,Deiniolen,Gwynedd,23.8
W01000064,Dewi,Gwynedd,16.8
W01000065,Diffwys and Maenofferen,Gwynedd,23.5
W01000066,Dolbenmaen,Gwynedd,18.9
W01000067,Dolgellau North,Gwynedd,13.7
W01000068,Dolgellau South,Gwynedd,13.7
W01000069,Dyffryn Ardudwy,Gwynedd,12.0
W01000070,Efail-newydd/Buan,Gwynedd,14.3
W01000071,Gerlan,Gwynedd,17.9
W01000072,Glyder,Gwynedd,9.2
W01000073,Groeslon,Gwynedd,11.4
W01000074,Harlech,Gwynedd,13.3
W01000075,Hendre (Gwynedd),Gwynedd,21.7
W01000076,Hirael & Garth 1,Gwynedd,15.0
W01000077,Hirael & Garth 2,Gwynedd,18.2
W01000078,Llanaelhaearn,Gwynedd,20.8
W01000079,Llanbedr,Gwynedd,16.8
W01000080,Llanbedrog & Abersoch,Gwynedd,11.7
W01000081,Llanberis,Gwynedd,13.3
W01000082,Llandderfel & Llanuwchllyn 1,Gwynedd,17.2
W01000083,Llandderfel & Llanuwchllyn 2,Gwynedd,14.6
W01000084,Llanengan,Gwynedd,11.3
W01000085,Llangelynin,Gwynedd,22.3
W01000086,Llanllyfni & Clynnog,Gwynedd,21.8
W01000087,Llanrug,Gwynedd,7.0
W01000088,Llanwnda,Gwynedd,16.3
W01000089,Llanystumdwy,Gwynedd,15.5
W01000090,Marchog 1,Gwynedd,37.1
W01000091,Marchog 2,Gwynedd,46.1
W01000092,Menai (Bangor),Gwynedd,8.2
W01000093,Menai (Caernarfon),Gwynedd,10.1
W01000094,Morfa Nefyn,Gwynedd,8.1
W01000095,Nefyn,Gwynedd,9.6
W01000096,Ogwen 1,Gwynedd,18.9
W01000097,Ogwen 2,Gwynedd,18.9
W01000098,Peblig (Caernarfon),Gwynedd,47.3
W01000099,Penisarwaun,Gwynedd,11.8
W01000100,Penrhyndeudraeth 1,Gwynedd,11.1
W01000101,Penrhyndeudraeth 2,Gwynedd,12.0
W01000102,Pentir 1,Gwynedd,7.0
W01000103,Pentir 2,Gwynedd,15.3
W01000104,Penygroes (Gwynedd),Gwynedd,15.6
W01000105,Porthmadog East,Gwynedd,14.8
W01000106,Porthmadog West,Gwynedd,6.5
W01000107,Porthmadog - Tremadog,Gwynedd,15.7
W01000108,Pwllheli North,Gwynedd,15.7
W01000109,Pwllheli South,Gwynedd,16.4
W01000110,Seiont 1,Gwynedd,13.9
W01000111,Seiont 2,Gwynedd,24.2
W01000112,Talysarn,Gwynedd,26.3
W01000113,Teigl,Gwynedd,19.6
W01000114,Trawsfynydd,Gwynedd,15.2
W01000115,Tregarth & Mynydd Llandygai,Gwynedd,14.2
W01000116,Tywyn 1,Gwynedd,10.8
W01000117,Tywyn 2,Gwynedd,21.8
W01000118,Waunfawr,Gwynedd,17.0
W01000119,Y Felinheli,Gwynedd,8.2
W01000121,Betws-y-Coed,Conwy,14.5
W01000122,Betws yn Rhos,Conwy,15.1
W01000123,Bryn,Conwy,18.9
W01000124,Caerhun,Conwy,13.4
W01000125,Capelulo,Conwy,12.7
W01000126,Colwyn 1,Conwy,10.0
W01000127,Colwyn 2,Conwy,44.0
W01000128,Colwyn 3,Conwy,14.6
W01000129,Conwy 1,Conwy,22.7
W01000130,Conwy 2,Conwy,6.0
W01000131,Conwy 3,Conwy,7.0
W01000132,Craig-y-Don 1,Conwy,22.3
W01000133,Craig-y-Don 2,Conwy,5.9
W01000134,Crwst,Conwy,17.1
W01000135,Deganwy 1,Conwy,2.9
W01000136,Deganwy 2,Conwy,7.4
W01000137,Eglwysbach,Conwy,14.2
W01000138,Eirias 1,Conwy,25.1
W01000139,Eirias 2,Conwy,8.5
W01000140,Gele 1,Conwy,24.3
W01000141,Gele 2,Conwy,7.6
W01000142,Gele 3,Conwy,5.1
W01000143,Glyn (Conwy) 1,Conwy,29.0
W01000144,Glyn (Conwy) 2,Conwy,69.2
W01000145,Glyn (Conwy) 3,Conwy,20.9
W01000146,Gogarth 1,Conwy,24.8
W01000147,Gogarth 2,Conwy,15.4
W01000148,Gower (Conwy),Conwy,13.2
W01000149,Kinmel Bay 1,Conwy,37.2
W01000150,Kinmel Bay 2,Conwy,21.1
W01000151,Kinmel Bay 3,Conwy,27.1
W01000152,Kinmel Bay 4,Conwy,23.5
W01000153,Llanddulas,Conwy,12.9
W01000154,Llandrillo yn Rhos 1,Conwy,4.9
W01000155,Llandrillo yn Rhos 2,Conwy,7.7
W01000156,Llandrillo yn Rhos 3,Conwy,9.6
W01000157,Llandrillo yn Rhos 4,Conwy,25.2
W01000158,Llandrillo yn Rhos 5,Conwy,9.2
W01000159,Llangernyw,Conwy,17.7
W01000162,Llansannan,Conwy,17.0
W01000163,Llysfaen 1,Conwy,43.9
W01000164,Llysfaen 2,Conwy,12.1
W01000165,Marl 1,Conwy,3.5
W01000166,Marl 2,Conwy,15.6
W01000167,Mochdre,Conwy,25.1
W01000168,Mostyn (Conwy) 1,Conwy,25.8
W01000169,Mostyn (Conwy) 2,Conwy,27.5
W01000170,Pandy,Conwy,10.9
W01000171,Pant-yr-afon/Penmaenan 1,Conwy,17.7
W01000172,Pant-yr-afon/Penmaenan 2,Conwy,27.7
W01000173,Penrhyn 1,Conwy,7.6
W01000174,Penrhyn 2,Conwy,2.8
W01000175,Penrhyn 3,Conwy,2.7
W01000176,Pensarn 1,Conwy,21.5
W01000177,Pensarn 2,Conwy,14.1
W01000178,Pentre Mawr 1,Conwy,36.3
W01000179,Pentre Mawr 2,Conwy,7.9
W01000180,Rhiw 1,Conwy,4.2
W01000181,Rhiw 2,Conwy,3.2
W01000182,Rhiw 3,Conwy,42.8
W01000183,Rhiw 4,Conwy,12.4
W01000184,Towyn,Conwy,31.0
W01000185,Trefriw,Conwy,14.1
W01000186,Tudno 1,Conwy,34.1
W01000187,Tudno 2,Conwy,55.7
W01000188,Tudno 3,Conwy,10.1
W01000189,Uwch Conwy,Conwy,18.7
W01000190,Uwchaled,Conwy,14.4
W01000191,Bodelwyddan,Denbighshire,17.0
W01000192,Corwen 1,Denbighshire,17.9
W01000193,Corwen 2,Denbighshire,23.0
W01000194,Denbigh Central,Denbighshire,25.4
W01000195,Denbigh Lower 1,Denbighshire,2.4
W01000196,Denbigh Lower 2,Denbighshire,5.3
W01000197,Denbigh Lower 3,Denbighshire,7.9
W01000198,Denbigh Upper/Henllan 1,Denbighshire,45.9
W01000199,Denbigh Upper/Henllan 2,Denbighshire,27.6
W01000200,Dyserth 1,Denbighshire,9.8
W01000201,Dyserth 2,Denbighshire,21.1
W01000202,Efenechtyd,Denbighshire,12.0
W01000203,Llanarmon-yn-Ial/Llandegla,Denbighshire,9.1
W01000204,Llanbedr Dyffryn Clwyd/Llangynhafal,Denbighshire,7.5
W01000205,Llandrillo,Denbighshire,14.1
W01000206,Llandyrnog,Denbighshire,13.4
W01000207,Llanfair Dyffryn Clwyd/Gwyddelwern,Denbighshire,14.6
W01000208,Llangollen 1,Denbighshire,24.8
W01000209,Llangollen 2,Denbighshire,16.1
W01000210,Llangollen 3,Denbighshire,12.3
W01000211,Llanrhaeadr-yng-Nghinmeirch,Denbighshire,15.2
W01000212,Prestatyn Central 1,Denbighshire,7.7
W01000213,Prestatyn Central 2,Denbighshire,32.7
W01000214,Prestatyn East 1,Denbighshire,33.1
W01000215,Prestatyn East 2,Denbighshire,4.3
W01000216,Prestatyn East 3,Denbighshire,26.2
W01000217,Prestatyn Meliden,Denbighshire,19.9
W01000218,Prestatyn North 1,Denbighshire,25.7
W01000219,Prestatyn North 2,Denbighshire,20.1
W01000220,Prestatyn North 3,Denbighshire,21.1
W01000221,Prestatyn South West 1,Denbighshire,24.3
W01000222,Prestatyn South West 2,Denbighshire,16.6
W01000223,Rhuddlan 1,Denbighshire,11.5
W01000224,Rhuddlan 2,Denbighshire,12.1
W01000225,Rhuddlan 3,Denbighshire,13.9
W01000226,Rhyl East 1,Denbighshire,34.5
W01000227,Rhyl East 2,Denbighshire,17.6
W01000228,Rhyl East 3,Denbighshire,49.2
W01000229,Rhyl South 1,Denbighshire,25.9
W01000230,Rhyl South 2,Denbighshire,12.2
W01000231,Rhyl South East 1,Denbighshire,21.0
W01000232,Rhyl South East 2,Denbighshire,14.7
W01000233,Rhyl South East 3,Denbighshire,18.6
W01000234,Rhyl South East 4,Denbighshire,44.0
W01000235,Rhyl South East 5,Denbighshire,10.1
W01000236,Rhyl South West 1,Denbighshire,60.5
W01000237,Rhyl South West 2,Denbighshire,69.3
W01000238,Rhyl South West 3,Denbighshire,24.2
W01000239,Rhyl West 1,Denbighshire,80.3
W01000240,Rhyl West 2,Denbighshire,86.6
W01000241,Rhyl West 3,Denbighshire,72.1
W01000242,Ruthin 1,Denbighshire,16.4
W01000243,Ruthin 2,Denbighshire,10.3
W01000244,Ruthin 3,Denbighshire,2.0
W01000245,St. Asaph East,Denbighshire,8.5
W01000246,St. Asaph West,Denbighshire,16.7
W01000247,Trefnant,Denbighshire,15.3
W01000248,Tremeirchion,Denbighshire,13.5
W01000249,Argoed (Flintshire) 1,Flintshire,2.7
W01000250,Argoed (Flintshire) 2,Flintshire,5.1
W01000251,Aston 1,Flintshire,13.1
W01000252,Aston 2,Flintshire,9.3
W01000253,Bagillt East,Flintshire,18.2
W01000254,Bagillt West,Flintshire,26.3
W01000255,Broughton North East,Flintshire,9.7
W01000256,Broughton South 1,Flintshire,10.1
W01000257,Broughton South 2,Flintshire,3.4
W01000258,Brynford,Flintshire,11.5
W01000259,Buckley Bistre East 1,Flintshire,18.6
W01000260,Buckley Bistre East 2,Flintshire,7.1
W01000261,Buckley Bistre West 1,Flintshire,7.0
W01000262,Buckley Bistre West 2,Flintshire,24.7
W01000263,Buckley Bistre West 3,Flintshire,29.6
W01000264,Buckley Mountain 1,Flintshire,5.9
W01000265,Buckley Mountain 2,Flintshire,9.1
W01000266,Buckley Pentrobin 1,Flintshire,7.9
W01000267,Buckley Pentrobin 2,Flintshire,5.8
W01000268,Buckley Pentrobin 3,Flintshire,2.5
W01000269,Caergwrle,Flintshire,13.4
W01000270,Caerwys 1,Flintshire,8.4
W01000271,Caerwys 2,Flintshire,11.7
W01000272,Cilcain,Flintshire,8.5
W01000273,Connah's Quay Central 1,Flintshire,23.7
W01000274,Connah's Quay Central 2,Flintshire,41.0
W01000275,Connah's Quay Golftyn 1,Flintshire,10.1
W01000276,Connah's Quay Golftyn 2,Flintshire,8.1
W01000277,Connah's Quay Golftyn 3,Flintshire,6.8
W01000278,Connah's Quay Golftyn 4,Flintshire,41.2
W01000279,Connah's Quay South 1,Flintshire,9.9
W01000280,Connah's Quay South 2,Flintshire,7.8
W01000281,Connah's Quay South 3,Flintshire,9.5
W01000282,Connah's Quay South 4,Flintshire,2.1
W01000283,Connah's Quay Wepre,Flintshire,12.7
W01000284,Ewloe 1,Flintshire,3.0
W01000285,Ewloe 2,Flintshire,2.3
W01000286,Ewloe 3,Flintshire,3.1
W01000287,Ffynnongroyw,Flintshire,32.5
W01000288,Flint Castle,Flintshire,35.8
W01000289,Flint Coleshill 1,Flintshire,7.4
W01000290,Flint Coleshill 2,Flintshire,41.5
W01000291,Flint Coleshill 3,Flintshire,12.9
W01000292,Flint Oakenholt 1,Flintshire,29.7
W01000293,Flint Oakenholt 2,Flintshire,23.5
W01000294,Flint Trelawny 1,Flintshire,6.0
W01000295,Flint Trelawny 2,Flintshire,9.1
W01000296,Greenfield 1,Flintshire,40.0
W01000297,Greenfield 2,Flintshire,13.9
W01000298,Gronant,Flintshire,29.2
W01000299,Gwernaffield,Flintshire,7.3
W01000300,Gwernymynydd,Flintshire,6.9
W01000301,Halkyn,Flintshire,14.2
W01000302,Hawarden,Flintshire,3.1
W01000303,Higher Kinnerton,Flintshire,2.5
W01000304,Holywell Central,Flintshire,47.7
W01000305,Holywell East,Flintshire,17.4
W01000306,Holywell West,Flintshire,23.6
W01000307,Hope 1,Flintshire,3.8
W01000308,Hope 2,Flintshire,13.5
W01000309,Leeswood,Flintshire,14.2
W01000310,Llanfynydd,Flintshire,9.7
W01000311,Mancot 1,Flintshire,13.0
W01000312,Mancot 2,Flintshire,19.3
W01000313,Mold Broncoed 1,Flintshire,13.9
W01000314,Mold Broncoed 2,Flintshire,23.1
W01000315,Mold East,Flintshire,14.7
W01000316,Mold South 1,Flintshire,1.9
W01000317,Mold South 2,Flintshire,0.5
W01000318,Mold West 1,Flintshire,37.3
W01000319,Mold West 2,Flintshire,15.6
W01000320,Mostyn (Flintshire),Flintshire,30.0
W01000321,New Brighton 1,Flintshire,2.2
W01000322,New Brighton 2,Flintshire,9.6
W01000323,Northop 1,Flintshire,6.2
W01000324,Northop 2,Flintshire,2.5
W01000325,Northop Hall,Flintshire,4.2
W01000326,Penyffordd 1,Flintshire,4.4
W01000327,Penyffordd 2,Flintshire,4.2
W01000328,Queensferry,Flintshire,30.8
W01000329,Saltney Mold Junction,Flintshire,26.9
W01000330,Saltney Stonebridge 1,Flintshire,20.9
W01000331,Saltney Stonebridge 2,Flintshire,12.8
W01000332,Sealand 1,Flintshire,26.1
W01000333,Sealand 2,Flintshire,47.2
W01000334,Shotton East,Flintshire,19.5
W01000335,Shotton Higher 1,Flintshire,39.0
W01000336,Shotton Higher 2,Flintshire,52.6
W01000337,Shotton West,Flintshire,16.7
W01000338,Trelawnyd and Gwaenysgor,Flintshire,16.2
W01000339,Treuddyn,Flintshire,15.2
W01000340,Whitford,Flintshire,7.3
W01000341,Acton 1,Wrexham,17.8
W01000342,Acton 2,Wrexham,27.1
W01000343,Borras Park 1,Wrexham,2.2
W01000344,Borras Park 2,Wrexham,4.2
W01000345,Bronington 1,Wrexham,10.3
W01000346,Bronington 2,Wrexham,12.7
W01000347,Brymbo 1,Wrexham,9.1
W01000348,Brymbo 2,Wrexham,27.3
W01000349,Brynyffynnon 1,Wrexham,15.8
W01000350,Brynyffynnon 2,Wrexham,30.6
W01000351,Bryn Cefn,Wrexham,16.2
W01000352,Cartrefle 1,Wrexham,28.0
W01000353,Cartrefle 2,Wrexham,47.3
W01000354,Cefn 1,Wrexham,14.6
W01000355,Cefn 2,Wrexham,26.5
W01000356,Cefn 3,Wrexham,27.9
W01000359,Chirk North 1,Wrexham,14.6
W01000360,Chirk North 2,Wrexham,26.1
W01000361,Chirk South,Wrexham,18.1
W01000362,Coedpoeth 1,Wrexham,31.2
W01000363,Coedpoeth 2,Wrexham,10.8
W01000364,Coedpoeth 3,Wrexham,13.7
W01000365,Erddig,Wrexham,11.5
W01000366,Esclusham 1,Wrexham,17.6
W01000367,Esclusham 2,Wrexham,6.2
W01000368,Garden Village,Wrexham,2.4
W01000369,Gresford East and West 1,Wrexham,6.4
W01000370,Gresford East and West 2,Wrexham,4.2
W01000371,Grosvenor 1,Wrexham,17.4
W01000372,Grosvenor 2,Wrexham,31.3
W01000373,Gwenfro,Wrexham,30.0
W01000374,Gwersyllt East and South 1,Wrexham,25.5
W01000375,Gwersyllt East and South 2,Wrexham,7.9
W01000376,Gwersyllt East and South 3,Wrexham,8.6
W01000377,Gwersyllt North 1,Wrexham,10.7
W01000378,Gwersyllt North 2,Wrexham,38.4
W01000379,Gwersyllt West 1,Wrexham,35.1
W01000380,Gwersyllt West 2,Wrexham,13.8
W01000381,Hermitage 1,Wrexham,28.0
W01000382,Hermitage 2,Wrexham,35.1
W01000383,Holt 1,Wrexham,11.3
W01000384,Holt 2,Wrexham,4.6
W01000385,Johnstown 1,Wrexham,5.1
W01000386,Johnstown 2,Wrexham,23.8
W01000387,Little Acton 1,Wrexham,3.0
W01000388,Little Acton 2,Wrexham,8.1
W01000389,Llangollen Rural,Wrexham,12.0
W01000390,Llay 1,Wrexham,11.6
W01000391,Llay 2,Wrexham,11.8
W01000392,Llay 3,Wrexham,33.3
W01000393,Maesydre,Wrexham,17.8
W01000394,Marchwiel 1,Wrexham,10.4
W01000395,Marchwiel 2,Wrexham,11.7
W01000396,Marford and Hoseley 1,Wrexham,1.5
W01000397,Marford and Hoseley 2,Wrexham,0.8
W01000398,Minera 1,Wrexham,15.3
W01000399,Minera 2,Wrexham,8.6
W01000400,New Broughton 1,Wrexham,16.5
W01000401,New Broughton 2,Wrexham,23.0
W01000402,Offa,Wrexham,22.4
W01000403,Overton 1,Wrexham,10.0
W01000404,Overton 2,Wrexham,9.3
W01000405,Pant,Wrexham,30.2
W01000406,Penycae,Wrexham,34.9
W01000407,Penycae and Ruabon South 1,Wrexham,8.5
W01000408,Penycae and Ruabon South 2,Wrexham,19.9
W01000409,Plas Madoc,Wrexham,52.5
W01000410,Ponciau 1,Wrexham,17.2
W01000411,Ponciau 2,Wrexham,30.3
W01000412,Ponciau 3,Wrexham,19.0
W01000413,Queensway 1,Wrexham,73.4
W01000414,Queensway 2,Wrexham,55.5
W01000415,Rhosnesni 1,Wrexham,8.8
W01000416,Rhosnesni 2,Wrexham,1.9
W01000417,Rossett 1,Wrexham,3.8
W01000418,Rossett 2,Wrexham,10.7
W01000419,Ruabon 1,Wrexham,21.6
W01000420,Ruabon 2,Wrexham,16.5
W01000422,Stansty,Wrexham,12.8
W01000423,Whitegate 1,Wrexham,25.5
W01000424,Whitegate 2,Wrexham,18.4
W01000425,Wynnstay,Wrexham,62.9
W01000426,Aber-craf,Powys,18.0
W01000427,Beguildy,Powys,20.2
W01000428,Berriew,Powys,13.5
W01000429,Blaen Hafren,Powys,12.8
W01000430,Bronllys,Powys,12.3
W01000431,Builth 1,Powys,15.2
W01000432,Builth 2,Powys,7.1
W01000433,Caersws,Powys,15.6
W01000434,Churchstoke,Powys,16.3
W01000438,Disserth and Trecoed,Powys,25.2
W01000439,Dolforwyn,Powys,10.5
W01000440,Felin-fâch,Powys,9.7
W01000441,Forden,Powys,8.3
W01000442,Glantwymyn,Powys,15.5
W01000443,Glasbury,Powys,10.0
W01000444,Guilsfield,Powys,8.6
W01000445,Gwernyfed,Powys,11.6
W01000446,Hay,Powys,7.9
W01000447,Kerry,Powys,13.3
W01000448,Knighton 1,Powys,14.6
W01000449,Knighton 2,Powys,10.7
W01000450,Llanafanfawr,Powys,12.5
W01000451,Llanbadarn Fawr,Powys,12.7
W01000452,Llanbrynmair & Banwy,Powys,19.2
W01000453,Llandinam,Powys,13.2
W01000454,Llandrindod East/Llandrindod West,Powys,33.4
W01000455,Llandrindod North,Powys,21.3
W01000456,Llandrindod South,Powys,22.9
W01000457,Llandrinio,Powys,11.5
W01000458,Llandysilio,Powys,11.1
W01000459,Llanelwedd,Powys,16.6
W01000460,Llanfair Caereinion,Powys,14.1
W01000461,Llanfyllin,Powys,19.1
W01000464,Llangunllo,Powys,14.6
W01000465,Llangynidr,Powys,7.5
W01000466,Llanidloes 1,Powys,8.9
W01000467,Llanidloes 2,Powys,8.8
W01000470,Llansantffraid,Powys,12.4
W01000471,Llanwrtyd Wells,Powys,16.9
W01000472,Llanyre,Powys,10.4
W01000473,Machynlleth,Powys,13.5
W01000474,Maescar/Llywel,Powys,13.5
W01000475,Meifod & Llanfihangel,Powys,15.4
W01000476,Montgomery,Powys,7.9
W01000477,Nantmel,Powys,15.5
W01000478,Newtown Central 1,Powys,32.3
W01000479,Newtown Central 2,Powys,27.9
W01000480,Newtown East,Powys,33.3
W01000481,Newtown Llanllwchaiarn North,Powys,9.9
W01000482,Newtown Llanllwchaiarn West,Powys,12.3
W01000483,Newtown South,Powys,37.7
W01000484,Old Radnor,Powys,13.8
W01000485,Presteigne 1,Powys,11.3
W01000486,Presteigne 2,Powys,10.4
W01000487,Rhayader,Powys,15.9
W01000488,Rhiwcynon,Powys,12.5
W01000489,St. David Within,Powys,14.9
W01000492,St. Mary 1,Powys,16.0
W01000493,St. Mary 2,Powys,6.0
W01000494,Talgarth,Powys,11.9
W01000496,Tawe-Uchaf,Powys,19.9
W01000497,Trewern,Powys,13.4
W01000498,Welshpool Castle,Powys,37.4
W01000499,Welshpool Gungrog 1,Powys,26.4
W01000500,Welshpool Gungrog 2,Powys,15.6
W01000501,Welshpool Llanerchyddol,Powys,15.2
W01000502,Ynyscedwyn,Powys,14.1
W01000503,Yscir,Powys,13.2
W01000504,Ystradgynlais 1,Powys,50.7
W01000505,Ystradgynlais 2,Powys,20.3
W01000506,Aberaeron,Ceredigion,13.3
W01000507,Aberporth 1,Ceredigion,13.8
W01000508,Aberporth 2,Ceredigion,19.5
W01000509,Aberteifi/Cardigan - Mwldan,Ceredigion,18.9
W01000510,Aberteifi/Cardigan - Rhyd-y-Fuwch,Ceredigion,33.6
W01000511,Aberteifi/Cardigan - Teifi,Ceredigion,49.7
W01000512,Aberystwyth Bronglais,Ceredigion,8.6
W01000513,Aberystwyth Canol/Central,Ceredigion,21.0
W01000515,Aberystwyth Penparcau 1,Ceredigion,27.2
W01000516,Aberystwyth Penparcau 2,Ceredigion,25.6
W01000517,Aberystwyth Rheidol 1,Ceredigion,16.8
W01000518,Aberystwyth Rheidol 2,Ceredigion,16.3
W01000519,Beulah,Ceredigion,15.3
W01000522,Capel Dewi,Ceredigion,20.9
W01000523,Ceulanamaesmawr,Ceredigion,13.8
W01000524,Ciliau Aeron,Ceredigion,16.4
W01000525,Faenor 1,Ceredigion,2.3
W01000527,Lampeter 1,Ceredigion,11.6
W01000528,Lampeter 2,Ceredigion,20.0
W01000529,Llanarth,Ceredigion,19.7
W01000531,Llandyfriog,Ceredigion,19.0
W01000532,Llandysiliogogo,Ceredigion,15.3
W01000533,Llandysul Town,Ceredigion,21.6
W01000534,Llanfarian,Ceredigion,9.8
W01000535,Llanfihangel Ystrad,Ceredigion,22.6
W01000536,Llangeitho,Ceredigion,23.4
W01000537,Llangybi,Ceredigion,21.1
W01000538,Llanrhystyd,Ceredigion,17.0
W01000539,Llansantffraed 1,Ceredigion,21.4
W01000540,Llansantffraed 2,Ceredigion,17.4
W01000541,Llanwenog,Ceredigion,18.7
W01000542,Lledrod,Ceredigion,23.2
W01000543,Melindwr,Ceredigion,20.7
W01000544,New Quay,Ceredigion,15.7
W01000545,Penbryn,Ceredigion,16.1
W01000546,Pen-parc 1,Ceredigion,19.0
W01000547,Pen-parc 2,Ceredigion,12.3
W01000548,Tirymynach,Ceredigion,13.2
W01000549,Trefeurig,Ceredigion,7.5
W01000550,Tregaron,Ceredigion,21.4
W01000551,Troedyraur,Ceredigion,16.9
W01000552,Ystwyth,Ceredigion,13.1
W01000553,Amroth,Pembrokeshire,15.7
W01000554,Burton,Pembrokeshire,10.2
W01000555,Camrose 1,Pembrokeshire,11.0
W01000556,Camrose 2,Pembrokeshire,13.3
W01000557,Carew,Pembrokeshire,11.2
W01000558,Cilgerran,Pembrokeshire,14.7
W01000559,Clydau,Pembrokeshire,19.3
W01000560,Crymych 1,Pembrokeshire,16.8
W01000561,Crymych 2,Pembrokeshire,14.2
W01000562,Dinas Cross,Pembrokeshire,13.8
W01000563,East Williamston 1,Pembrokeshire,19.9
W01000564,East Williamston 2,Pembrokeshire,11.1
W01000565,Fishguard North East,Pembrokeshire,17.3
W01000566,Fishguard North West,Pembrokeshire,18.3
W01000567,Goodwick,Pembrokeshire,18.5
W01000568,Haverfordwest: Castle,Pembrokeshire,31.5
W01000569,Haverfordwest: Garth 1,Pembrokeshire,12.4
W01000570,Haverfordwest: Garth 2,Pembrokeshire,56.9
W01000571,Haverfordwest: Portfield,Pembrokeshire,17.9
W01000572,Haverfordwest: Prendergast,Pembrokeshire,13.9
W01000573,Haverfordwest: Priory,Pembrokeshire,10.4
W01000574,Hundleton,Pembrokeshire,17.4
W01000575,Johnston,Pembrokeshire,16.1
W01000576,Kilgetty/Begelly,Pembrokeshire,18.5
W01000577,Lampeter Velfrey,Pembrokeshire,12.7
W01000578,Lamphey,Pembrokeshire,13.6
W01000579,Letterston,Pembrokeshire,14.2
W01000580,Llangwm,Pembrokeshire,8.5
W01000581,Llanrhian,Pembrokeshire,13.2
W01000582,Maenclochog 1,Pembrokeshire,19.4
W01000583,Maenclochog 2,Pembrokeshire,12.3
W01000584,Manorbier,Pembrokeshire,14.9
W01000585,Martletwy,Pembrokeshire,13.9
W01000586,Merlin's Bridge,Pembrokeshire,26.8
W01000587,Milford: Central,Pembrokeshire,22.1
W01000588,Milford: East,Pembrokeshire,37.2
W01000589,Milford: Hakin 1,Pembrokeshire,23.4
W01000590,Milford: Hakin 2,Pembrokeshire,18.3
W01000591,Milford: Hubberston 1,Pembrokeshire,22.9
W01000592,Milford: Hubberston 2,Pembrokeshire,39.2
W01000593,Milford: North,Pembrokeshire,20.8
W01000594,Milford: West,Pembrokeshire,36.4
W01000595,Narberth,Pembrokeshire,14.2
W01000596,Narberth Rural,Pembrokeshire,9.0
W01000597,Newport,Pembrokeshire,11.7
W01000598,Neyland: East,Pembrokeshire,14.8
W01000599,Neyland: West,Pembrokeshire,19.8
W01000600,Pembroke Dock: Central,Pembrokeshire,48.0
W01000601,Pembroke Dock: Llanion 1,Pembrokeshire,59.0
W01000602,Pembroke Dock: Llanion 2,Pembrokeshire,21.3
W01000603,Pembroke Dock: Market,Pembrokeshire,21.8
W01000604,Pembroke Dock: Pennar 1,Pembrokeshire,37.3
W01000605,Pembroke Dock: Pennar 2,Pembrokeshire,24.6
W01000606,Pembroke: Monkton,Pembrokeshire,54.6
W01000607,Pembroke: St. Mary North,Pembrokeshire,32.7
W01000608,Pembroke: St. Mary South,Pembrokeshire,24.5
W01000609,Pembroke: St. Michael,Pembrokeshire,8.8
W01000610,Penally,Pembrokeshire,11.0
W01000611,Rudbaxton,Pembrokeshire,10.3
W01000612,St. David's,Pembrokeshire,13.9
W01000613,St. Dogmaels,Pembrokeshire,16.5
W01000614,St. Ishmael's,Pembrokeshire,18.1
W01000615,Saundersfoot 1,Pembrokeshire,10.1
W01000616,Saundersfoot 2,Pembrokeshire,10.5
W01000617,Scleddau,Pembrokeshire,22.0
W01000618,Solva,Pembrokeshire,14.4
W01000619,Tenby: North,Pembrokeshire,12.8
W01000620,Tenby: South 1,Pembrokeshire,16.1
W01000621,Tenby: South 2,Pembrokeshire,19.0
W01000622,The Havens,Pembrokeshire,10.8
W01000623,Wiston,Pembrokeshire,12.4
W01000624,Abergwili,Carmarthenshire,11.1
W01000625,Ammanford 1,Carmarthenshire,33.3
W01000626,Ammanford 2,Carmarthenshire,31.2
W01000627,Betws,Carmarthenshire,16.6
W01000628,Bigyn 1,Carmarthenshire,15.9
W01000629,Bigyn 2,Carmarthenshire,26.0
W01000630,Bigyn 3,Carmarthenshire,20.6
W01000631,Bigyn 4,Carmarthenshire,54.8
W01000632,Burry Port 1,Carmarthenshire,19.0
W01000633,Burry Port 2,Carmarthenshire,30.7
W01000634,Burry Port 3,Carmarthenshire,13.8
W01000635,Bynea 1,Carmarthenshire,13.1
W01000636,Bynea 2,Carmarthenshire,22.3
W01000637,Carmarthen Town North 1,Carmarthenshire,25.1
W01000638,Carmarthen Town North 2,Carmarthenshire,33.6
W01000639,Carmarthen Town North 3,Carmarthenshire,21.9
W01000640,Carmarthen Town North 4,Carmarthenshire,4.0
W01000641,Carmarthen Town South 1,Carmarthenshire,31.8
W01000642,Carmarthen Town South 2,Carmarthenshire,10.9
W01000643,Carmarthen Town West 1,Carmarthenshire,17.7
W01000644,Carmarthen Town West 2,Carmarthenshire,10.0
W01000645,Carmarthen Town West 3,Carmarthenshire,13.3
W01000646,Cenarth,Carmarthenshire,21.5
W01000647,Cilycwm,Carmarthenshire,18.8
W01000648,Cynwyl Elfed 1,Carmarthenshire,18.1
W01000649,Cynwyl Elfed 2,Carmarthenshire,10.4
W01000650,Cynwyl Gaeo,Carmarthenshire,20.8
W01000651,Dafen 1,Carmarthenshire,14.0
W01000652,Dafen 2,Carmarthenshire,27.4
W01000653,Elli 1,Carmarthenshire,14.8
W01000654,Elli 2,Carmarthenshire,29.0
W01000655,Felinfoel,Carmarthenshire,34.3
W01000656,Garnant,Carmarthenshire,24.5
W01000657,Glanamman 1,Carmarthenshire,26.6
W01000658,Glanamman 2,Carmarthenshire,27.4
W01000659,Glanymor 1,Carmarthenshire,43.6
W01000660,Glanymor 2,Carmarthenshire,40.8
W01000662,Glyn (Carmarthenshire),Carmarthenshire,15.9
W01000663,Gorslas 1,Carmarthenshire,14.6
W01000664,Gorslas 2,Carmarthenshire,15.7
W01000665,Hendy 1,Carmarthenshire,6.1
W01000666,Hendy 2,Carmarthenshire,14.4
W01000667,Hengoed (Carmarthenshire) 1,Carmarthenshire,16.3
W01000670,Kidwelly 1,Carmarthenshire,36.0
W01000671,Kidwelly 2,Carmarthenshire,17.3
W01000672,Laugharne Township 1,Carmarthenshire,24.5
W01000673,Laugharne Township 2,Carmarthenshire,19.3
W01000674,Llanboidy,Carmarthenshire,15.3
W01000675,Llanddarog,Carmarthenshire,12.9
W01000676,Llandeilo 1,Carmarthenshire,10.3
W01000677,Llandeilo 2,Carmarthenshire,22.0
W01000678,Llandovery 1,Carmarthenshire,21.5
W01000679,Llandovery 2,Carmarthenshire,15.9
W01000680,Llandybie 1,Carmarthenshire,12.5
W01000681,Llandybie 2,Carmarthenshire,28.6
W01000682,Llanegwad 1,Carmarthenshire,13.8
W01000683,Llanegwad 2,Carmarthenshire,24.3
W01000684,Llanfihangel Aberbythych,Carmarthenshire,14.8
W01000685,Llanfihangel-ar-Arth 1,Carmarthenshire,23.7
W01000686,Llanfihangel-ar-Arth 2,Carmarthenshire,15.3
W01000687,Llangadog,Carmarthenshire,19.2
W01000688,Llangeler 1,Carmarthenshire,26.9
W01000689,Llangeler 2,Carmarthenshire,15.5
W01000690,Llangennech 1,Carmarthenshire,12.8
W01000691,Llangennech 2,Carmarthenshire,11.1
W01000692,Llangennech 3,Carmarthenshire,14.2
W01000693,Llangunnor 1,Carmarthenshire,18.2
W01000694,Llangunnor 2,Carmarthenshire,10.4
W01000695,Llangyndeyrn 1,Carmarthenshire,28.2
W01000696,Llangyndeyrn 2,Carmarthenshire,18.9
W01000697,Llannon 1,Carmarthenshire,19.1
W01000698,Llannon 2,Carmarthenshire,17.6
W01000699,Llannon 3,Carmarthenshire,11.3
W01000700,Llansteffan,Carmarthenshire,13.5
W01000701,Llanybydder 1,Carmarthenshire,16.7
W01000702,Llanybydder 2,Carmarthenshire,19.8
W01000703,Lliedi 1,Carmarthenshire,28.3
W01000704,Lliedi 2,Carmarthenshire,12.4
W01000705,Lliedi 3,Carmarthenshire,32.8
W01000706,Llwynhendy 1,Carmarthenshire,23.1
W01000707,Llwynhendy 2,Carmarthenshire,41.5
W01000708,Llwynhendy 3,Carmarthenshire,45.8
W01000709,Manordeilo and Salem,Carmarthenshire,17.6
W01000710,Pembrey 1,Carmarthenshire,7.8
W01000711,Pembrey 2,Carmarthenshire,32.7
W01000712,Penygroes (Carmarthenshire) 1,Carmarthenshire,12.5
W01000713,Penygroes (Carmarthenshire) 2,Carmarthenshire,16.0
W01000714,Pontamman 1,Carmarthenshire,28.5
W01000715,Pontamman 2,Carmarthenshire,8.6
W01000716,Pontyberem 1,Carmarthenshire,13.9
W01000717,Pontyberem 2,Carmarthenshire,20.3
W01000718,Quarter Bach 1,Carmarthenshire,23.4
W01000719,Quarter Bach 2,Carmarthenshire,20.1
W01000720,St. Clears 1,Carmarthenshire,14.1
W01000721,St. Clears 2,Carmarthenshire,13.4
W01000722,St. Ishmael 1,Carmarthenshire,10.3
W01000723,St. Ishmael 2,Carmarthenshire,20.9
W01000724,Saron 1,Carmarthenshire,20.4
W01000725,Saron 2,Carmarthenshire,17.9
W01000726,Swiss Valley 1,Carmarthenshire,6.0
W01000727,Swiss Valley 2,Carmarthenshire,10.7
W01000728,Trelech,Carmarthenshire,19.8
W01000729,Trimsaran 1,Carmarthenshire,34.9
W01000730,Trimsaran 2,Carmarthenshire,27.0
W01000731,Tycroes,Carmarthenshire,12.6
W01000732,Tyisha 1,Carmarthenshire,32.8
W01000733,Tyisha 2,Carmarthenshire,69.7
W01000734,Tyisha 3,Carmarthenshire,48.3
W01000735,Whitland,Carmarthenshire,13.2
W01000736,Bishopston 1,Swansea,1.7
W01000737,Bishopston 2,Swansea,3.6
W01000738,Bonymaen 1,Swansea,55.4
W01000739,Bonymaen 2,Swansea,30.1
W01000740,Bonymaen 3,Swansea,14.6
W01000741,Bonymaen 4,Swansea,34.3
W01000742,Castle 1,Swansea,67.4
W01000744,Castle 3,Swansea,37.6
W01000745,Castle 4,Swansea,35.8
W01000746,Castle 5,Swansea,30.5
W01000747,Castle 6,Swansea,24.3
W01000749,Castle 8,Swansea,23.9
W01000750,Clydach 1,Swansea,28.4
W01000751,Clydach 2,Swansea,5.6
W01000752,Clydach 3,Swansea,37.2
W01000753,Clydach 4,Swansea,23.0
W01000754,Clydach 5,Swansea,21.4
W01000755,Cockett 1,Swansea,19.6
W01000756,Cockett 2,Swansea,41.0
W01000757,Cockett 3,Swansea,21.1
W01000758,Cockett 4,Swansea,14.5
W01000759,Cockett 5,Swansea,8.7
W01000760,Cockett 6,Swansea,24.8
W01000761,Cockett 7,Swansea,22.3
W01000762,Cockett 8,Swansea,42.3
W01000763,Cwmbwrla 1,Swansea,24.2
W01000764,Cwmbwrla 2,Swansea,22.1
W01000765,Cwmbwrla 3,Swansea,22.4
W01000766,Cwmbwrla 4,Swansea,16.1
W01000767,Cwmbwrla 5,Swansea,31.8
W01000768,Dunvant 1,Swansea,9.3
W01000769,Dunvant 2,Swansea,4.0
W01000770,Dunvant 3,Swansea,3.8
W01000771,Fairwood 2,Swansea,9.1
W01000772,Fairwood 1,Swansea,5.5
W01000773,Gorseinon 1,Swansea,21.5
W01000774,Gorseinon 2,Swansea,16.5
W01000775,Gower (Swansea) 1,Swansea,9.1
W01000776,Gower (Swansea) 2,Swansea,7.4
W01000777,Gowerton 1,Swansea,5.5
W01000778,Gowerton 2,Swansea,9.0
W01000779,Gowerton 3,Swansea,14.8
W01000781,Killay North 2,Swansea,1.7
W01000782,Killay South 1,Swansea,4.5
W01000784,Kingsbridge 1,Swansea,9.9
W01000785,Kingsbridge 2,Swansea,3.0
W01000786,Kingsbridge 3,Swansea,7.0
W01000787,Landore 1,Swansea,28.7
W01000788,Landore 2,Swansea,41.0
W01000789,Landore 3,Swansea,38.0
W01000790,Landore 4,Swansea,34.1
W01000791,Llangyfelach 1,Swansea,4.7
W01000792,Llangyfelach 2,Swansea,3.8
W01000793,Llangyfelach 3,Swansea,4.3
W01000794,Llansamlet 1,Swansea,15.2
W01000795,Llansamlet 2,Swansea,8.6
W01000796,Llansamlet 3,Swansea,8.9
W01000797,Llansamlet 4,Swansea,10.5
W01000798,Llansamlet 5,Swansea,15.6
W01000799,Llansamlet 6,Swansea,33.2
W01000800,Llansamlet 7,Swansea,6.5
W01000801,Llansamlet 8,Swansea,45.1
W01000802,Lower Loughor,Swansea,17.7
W01000803,Mawr,Swansea,16.6
W01000804,Mayals 1,Swansea,2.8
W01000805,Mayals 2,Swansea,1.1
W01000806,Morriston 1,Swansea,15.6
W01000807,Morriston 2,Swansea,7.3
W01000808,Morriston 3,Swansea,13.1
W01000809,Morriston 4,Swansea,23.3
W01000810,Morriston 5,Swansea,53.0
W01000811,Morriston 6,Swansea,36.5
W01000812,Morriston 7,Swansea,47.3
W01000813,Morriston 8,Swansea,13.4
W01000814,Morriston 9,Swansea,42.4
W01000815,Morriston 10,Swansea,8.1
W01000816,Morriston 11,Swansea,6.2
W01000817,Mynyddbach 1,Swansea,64.3
W01000818,Mynyddbach 2,Swansea,29.8
W01000819,Mynyddbach 3,Swansea,7.7
W01000820,Mynyddbach 4,Swansea,16.7
W01000821,Mynyddbach 5,Swansea,19.7
W01000822,Mynyddbach 6,Swansea,13.6
W01000823,Newton (Swansea) 1,Swansea,1.3
W01000824,Newton (Swansea) 2,Swansea,4.0
W01000825,Oystermouth 1,Swansea,5.5
W01000826,Oystermouth 2,Swansea,4.4
W01000827,Oystermouth 3,Swansea,3.5
W01000828,Penclawdd 1,Swansea,6.4
W01000829,Penclawdd 2,Swansea,13.3
W01000830,Penderry 1,Swansea,65.5
W01000831,Penderry 2,Swansea,48.1
W01000832,Penderry 3,Swansea,67.9
W01000833,Penderry 4,Swansea,62.2
W01000834,Penderry 5,Swansea,42.8
W01000835,Penderry 6,Swansea,47.2
W01000836,Penderry 7,Swansea,37.9
W01000837,Penllergaer 1,Swansea,3.1
W01000838,Penllergaer 2,Swansea,31.7
W01000839,Pennard 1,Swansea,4.1
W01000840,Pennard 2,Swansea,1.6
W01000841,Penyrheol (Swansea) 1,Swansea,20.0
W01000842,Penyrheol (Swansea) 2,Swansea,11.2
W01000843,Penyrheol (Swansea) 3,Swansea,11.0
W01000844,Penyrheol (Swansea) 4,Swansea,36.8
W01000845,Pontardulais 1,Swansea,6.7
W01000846,Pontardulais 2,Swansea,20.4
W01000847,Pontardulais 3,Swansea,17.8
W01000848,Pontardulais 4,Swansea,33.5
W01000849,St. Thomas 1,Swansea,38.4
W01000850,St. Thomas 2,Swansea,28.8
W01000851,St. Thomas 3,Swansea,20.5
W01000852,St. Thomas 4,Swansea,21.7
W01000853,Sketty 1,Swansea,4.6
W01000854,Sketty 2,Swansea,3.3
W01000855,Sketty 3,Swansea,4.0
W01000856,Sketty 4,Swansea,33.3
W01000857,Sketty 5,Swansea,18.9
W01000858,Sketty 6,Swansea,4.0
W01000859,Sketty 7,Swansea,5.3
W01000860,Sketty 8,Swansea,2.2
W01000861,Sketty 9,Swansea,4.6
W01000862,Townhill 1,Swansea,69.5
W01000863,Townhill 2,Swansea,70.2
W01000864,Townhill 3,Swansea,65.5
W01000865,Townhill 4,Swansea,34.2
W01000866,Townhill 5,Swansea,63.9
W01000867,Townhill 6,Swansea,60.5
W01000868,Uplands 1,Swansea,4.1
W01000869,Uplands 2,Swansea,19.5
W01000870,Uplands 3,Swansea,8.7
W01000871,Uplands 4,Swansea,21.1
W01000872,Uplands 5,Swansea,4.0
W01000873,Uplands 6,Swansea,12.6
W01000874,Uplands 7,Swansea,7.7
W01000875,Uplands 8,Swansea,15.8
W01000876,Uplands 9,Swansea,11.9
W01000877,Upper Loughor 1,Swansea,8.9
W01000878,Upper Loughor 2,Swansea,12.1
W01000879,West Cross 1,Swansea,1.8
W01000880,West Cross 2,Swansea,4.7
W01000881,West Cross 3,Swansea,30.1
W01000882,West Cross 4,Swansea,25.7
W01000883,Aberavon 1,Neath Port Talbot,10.9
W01000884,Aberavon 2,Neath Port Talbot,50.3
W01000885,Aberavon 3,Neath Port Talbot,49.4
W01000886,Aberavon 4,Neath Port Talbot,63.1
W01000887,Aberdulais,Neath Port Talbot,22.0
W01000888,Allt-wen,Neath Port Talbot,13.6
W01000889,Baglan 1,Neath Port Talbot,14.9
W01000890,Baglan 2,Neath Port Talbot,3.9
W01000891,Baglan 3,Neath Port Talbot,21.0
W01000892,Baglan 4,Neath Port Talbot,10.1
W01000893,Blaengwrach,Neath Port Talbot,26.5
W01000894,Briton Ferry East 1,Neath Port Talbot,22.8
W01000895,Briton Ferry East 2,Neath Port Talbot,40.9
W01000896,Briton Ferry West 1,Neath Port Talbot,67.3
W01000897,Briton Ferry West 2,Neath Port Talbot,38.7
W01000898,Bryn and Cwmavon 1,Neath Port Talbot,18.8
W01000899,Bryn and Cwmavon 2,Neath Port Talbot,8.2
W01000900,Bryn and Cwmavon 3,Neath Port Talbot,40.1
W01000901,Bryn and Cwmavon 4,Neath Port Talbot,24.7
W01000902,Bryn-coch North 1,Neath Port Talbot,11.7
W01000903,Bryn-coch North 2,Neath Port Talbot,4.3
W01000904,Bryn-coch South 1,Neath Port Talbot,3.0
W01000905,Bryn-coch South 2,Neath Port Talbot,12.0
W01000906,Bryn-coch South 3,Neath Port Talbot,9.7
W01000907,Bryn-coch South 4,Neath Port Talbot,30.6
W01000908,Cadoxton,Neath Port Talbot,8.2
W01000909,Cimla 1,Neath Port Talbot,20.6
W01000910,Cimla 2,Neath Port Talbot,8.6
W01000911,Cimla 3,Neath Port Talbot,7.0
W01000912,Coedffranc Central 1,Neath Port Talbot,24.9
W01000913,Coedffranc Central 2,Neath Port Talbot,23.1
W01000914,Coedffranc Central 3,Neath Port Talbot,42.0
W01000915,Coedffranc North 1,Neath Port Talbot,18.4
W01000916,Coedffranc North 2,Neath Port Talbot,15.5
W01000917,Coedffranc West,Neath Port Talbot,12.5
W01000918,Crynant,Neath Port Talbot,13.9
W01000919,Cwmllynfell,Neath Port Talbot,20.6
W01000920,Cymmer (Neath Port Talbot) 1,Neath Port Talbot,32.8
W01000921,Cymmer (Neath Port Talbot) 2,Neath Port Talbot,64.1
W01000922,Dyffryn 1,Neath Port Talbot,31.6
W01000923,Dyffryn 2,Neath Port Talbot,14.2
W01000924,Glyncorrwg,Neath Port Talbot,35.0
W01000925,Glynneath 1,Neath Port Talbot,35.1
W01000926,Glynneath 2,Neath Port Talbot,17.5
W01000927,Godre'r graig,Neath Port Talbot,21.2
W01000928,Gwaun-Cae-Gurwen 1,Neath Port Talbot,23.8
W01000929,Gwaun-Cae-Gurwen 2,Neath Port Talbot,32.5
W01000930,Gwynfi,Neath Port Talbot,42.1
W01000931,Lower Brynamman,Neath Port Talbot,25.0
W01000932,Margam 1,Neath Port Talbot,28.3
W01000933,Margam 2,Neath Port Talbot,9.5
W01000934,Neath East 1,Neath Port Talbot,55.4
W01000935,Neath East 2,Neath Port Talbot,51.6
W01000936,Neath East 3,Neath Port Talbot,41.5
W01000937,Neath East 4,Neath Port Talbot,37.9
W01000938,Neath North 1,Neath Port Talbot,10.7
W01000939,Neath North 2,Neath Port Talbot,62.2
W01000940,Neath North 3,Neath Port Talbot,38.9
W01000941,Neath South 1,Neath Port Talbot,35.2
W01000942,Neath South 2,Neath Port Talbot,43.1
W01000943,Neath South 3,Neath Port Talbot,5.6
W01000944,Onllwyn,Neath Port Talbot,28.0
W01000945,Pelenna,Neath Port Talbot,25.6
W01000946,Pontardawe 1,Neath Port Talbot,21.9
W01000947,Pontardawe 2,Neath Port Talbot,25.8
W01000948,Pontardawe 3,Neath Port Talbot,21.5
W01000949,Port Talbot 1,Neath Port Talbot,17.5
W01000950,Port Talbot 2,Neath Port Talbot,25.2
W01000951,Port Talbot 3,Neath Port Talbot,37.8
W01000952,Port Talbot 4,Neath Port Talbot,25.3
W01000953,Resolven 1,Neath Port Talbot,26.3
W01000954,Resolven 2,Neath Port Talbot,16.7
W01000955,Rhos 1,Neath Port Talbot,12.0
W01000956,Rhos 2,Neath Port Talbot,6.7
W01000957,Sandfields East 1,Neath Port Talbot,49.2
W01000958,Sandfields East 2,Neath Port Talbot,56.1
W01000959,Sandfields East 3,Neath Port Talbot,15.6
W01000960,Sandfields East 4,Neath Port Talbot,34.6
W01000961,Sandfields West 1,Neath Port Talbot,36.6
W01000962,Sandfields West 2,Neath Port Talbot,60.6
W01000963,Sandfields West 3,Neath Port Talbot,49.9
W01000964,Sandfields West 4,Neath Port Talbot,50.9
W01000965,Seven Sisters,Neath Port Talbot,27.5
W01000966,Tai-bach 1,Neath Port Talbot,27.5
W01000967,Tai-bach 2,Neath Port Talbot,44.9
W01000968,Tai-bach 3,Neath Port Talbot,21.7
W01000969,Tonna 1,Neath Port Talbot,6.2
W01000970,Tonna 2,Neath Port Talbot,22.3
W01000971,Trebanos,Neath Port Talbot,19.4
W01000973,Ystalyfera 2,Neath Port Talbot,33.5
W01000974,Aberkenfig,Bridgend,14.3
W01000975,Bettws (Bridgend),Bridgend,48.4
W01000976,Blackmill 1,Bridgend,34.7
W01000977,Blackmill 2,Bridgend,33.0
W01000978,Blaengarw,Bridgend,27.4
W01000979,Brackla 1,Bridgend,12.0
W01000980,Brackla 2,Bridgend,18.3
W01000981,Brackla 3,Bridgend,59.7
W01000982,Brackla 4,Bridgend,12.5
W01000983,Brackla 5,Bridgend,6.9
W01000984,Brackla 6,Bridgend,9.2
W01000985,Brackla 7,Bridgend,4.0
W01000986,Bryncethin,Bridgend,14.9
W01000987,Bryncoch,Bridgend,26.0
W01000989,Bryntirion Laleston and Merthyr Mawr 2,Bridgend,6.1
W01000990,Bryntirion Laleston and Merthyr Mawr 3,Bridgend,32.5
W01000991,Caerau (Bridgend) 1,Bridgend,77.5
W01000992,Caerau (Bridgend) 2,Bridgend,62.9
W01000993,Caerau (Bridgend) 3,Bridgend,43.8
W01000994,Caerau (Bridgend) 4,Bridgend,40.9
W01000995,Caerau (Bridgend) 5,Bridgend,24.6
W01000996,Cefn Cribwr,Bridgend,20.5
W01000997,Cefn Glas,Bridgend,13.8
W01000998,Coity,Bridgend,10.8
W01000999,Cornelly 1,Bridgend,27.6
W01001000,Cornelly 2,Bridgend,12.0
W01001001,Cornelly 3,Bridgend,22.3
W01001002,Cornelly 4,Bridgend,38.3
W01001003,Coychurch Lower,Bridgend,10.1
W01001004,Felindre 1,Bridgend,26.6
W01001005,Felindre 2,Bridgend,9.2
W01001006,Hendre (Bridgend) 1,Bridgend,5.6
W01001007,Hendre (Bridgend) 2,Bridgend,20.3
W01001008,Litchard,Bridgend,5.3
W01001009,Llangeinor,Bridgend,25.3
W01001010,Llangewydd and Brynhyfryd 1,Bridgend,28.7
W01001011,Llangewydd and Brynhyfryd 2,Bridgend,10.6
W01001012,Llangynwyd 1,Bridgend,11.5
W01001013,Llangynwyd 2,Bridgend,22.4
W01001014,Maesteg East 1,Bridgend,33.3
W01001015,Maesteg East 2,Bridgend,35.7
W01001016,Maesteg East 3,Bridgend,17.3
W01001017,Maesteg West 1,Bridgend,14.7
W01001018,Maesteg West 2,Bridgend,35.1
W01001019,Maesteg West 3,Bridgend,37.6
W01001020,Maesteg West 4,Bridgend,31.3
W01001021,Morfa 1,Bridgend,32.8
W01001022,Morfa 2,Bridgend,50.5
W01001023,Morfa 3,Bridgend,37.1
W01001024,Nant-y-moel 1,Bridgend,35.1
W01001025,Nant-y-moel 2,Bridgend,24.1
W01001026,Newcastle 1,Bridgend,27.7
W01001027,Newcastle 2,Bridgend,11.7
W01001028,Newcastle 3,Bridgend,13.7
W01001029,Newton (Bridgend) 1,Bridgend,7.5
W01001030,Newton (Bridgend) 2,Bridgend,10.5
W01001031,Nottage 1,Bridgend,4.3
W01001032,Nottage 2,Bridgend,6.3
W01001033,Ogmore Vale 1,Bridgend,18.8
W01001034,Ogmore Vale 2,Bridgend,32.7
W01001035,Oldcastle 1,Bridgend,35.6
W01001036,Oldcastle 2,Bridgend,5.2
W01001037,Oldcastle 3,Bridgend,7.0
W01001038,Pendre,Bridgend,18.5
W01001039,Penprysg 1,Bridgend,10.4
W01001040,Penprysg 2,Bridgend,12.4
W01001041,Pen-y-fai,Bridgend,5.5
W01001042,Pontycymmer 1,Bridgend,27.4
W01001043,Pontycymmer 2,Bridgend,32.6
W01001044,Porthcawl East Central 1,Bridgend,23.7
W01001045,Porthcawl East Central 2,Bridgend,28.0
W01001046,Porthcawl West Central 1,Bridgend,27.5
W01001047,Porthcawl West Central 2,Bridgend,11.5
W01001048,Pyle 1,Bridgend,8.9
W01001049,Pyle 2,Bridgend,38.5
W01001050,Pyle 3,Bridgend,29.0
W01001051,Pyle 4,Bridgend,21.2
W01001052,Pyle 5,Bridgend,29.9
W01001053,Rest Bay 1,Bridgend,5.7
W01001054,Rest Bay 2,Bridgend,4.1
W01001055,Sarn 1,Bridgend,44.3
W01001056,Sarn 2,Bridgend,18.0
W01001057,Ynysawdre 1,Bridgend,31.3
W01001058,Ynysawdre 2,Bridgend,11.3
W01001059,Baruc 1,Vale of Glamorgan,6.8
W01001060,Baruc 2,Vale of Glamorgan,3.1
W01001061,Baruc 3,Vale of Glamorgan,20.7
W01001062,Baruc 4,Vale of Glamorgan,10.7
W01001063,Buttrills 1,Vale of Glamorgan,23.1
W01001064,Buttrills 2,Vale of Glamorgan,44.4
W01001065,Buttrills 3,Vale of Glamorgan,20.5
W01001066,Buttrills 4,Vale of Glamorgan,22.1
W01001067,Cadoc 1,Vale of Glamorgan,43.8
W01001068,Cadoc 2,Vale of Glamorgan,18.5
W01001069,Cadoc 3,Vale of Glamorgan,38.6
W01001070,Cadoc 4,Vale of Glamorgan,38.6
W01001071,Cadoc 5,Vale of Glamorgan,26.9
W01001072,Cadoc 6,Vale of Glamorgan,4.2
W01001073,Castleland 1,Vale of Glamorgan,41.8
W01001075,Cornerswell 1,Vale of Glamorgan,4.4
W01001076,Cornerswell 2,Vale of Glamorgan,14.1
W01001077,Cornerswell 3,Vale of Glamorgan,14.0
W01001078,Cornerswell 4,Vale of Glamorgan,6.3
W01001079,Court 1,Vale of Glamorgan,33.1
W01001080,Court 2,Vale of Glamorgan,30.8
W01001081,Court 3,Vale of Glamorgan,48.5
W01001082,Cowbridge 1,Vale of Glamorgan,4.3
W01001083,Cowbridge 2,Vale of Glamorgan,5.4
W01001084,Cowbridge 3,Vale of Glamorgan,4.0
W01001085,Cowbridge 4,Vale of Glamorgan,5.6
W01001086,Dinas Powys 1,Vale of Glamorgan,3.4
W01001087,Dinas Powys 2,Vale of Glamorgan,5.1
W01001088,Dinas Powys 3,Vale of Glamorgan,19.3
W01001089,Dinas Powys 4,Vale of Glamorgan,5.5
W01001090,Dinas Powys 5,Vale of Glamorgan,5.9
W01001091,Dyfan 1,Vale of Glamorgan,5.0
W01001092,Dyfan 2,Vale of Glamorgan,19.3
W01001093,Dyfan 3,Vale of Glamorgan,29.0
W01001094,Gibbonsdown 1,Vale of Glamorgan,37.4
W01001095,Gibbonsdown 2,Vale of Glamorgan,51.8
W01001096,Gibbonsdown 3,Vale of Glamorgan,20.9
W01001097,Gibbonsdown 4,Vale of Glamorgan,39.5
W01001098,Illtyd 1,Vale of Glamorgan,4.0
W01001099,Illtyd 2,Vale of Glamorgan,23.0
W01001100,Illtyd 3,Vale of Glamorgan,4.0
W01001101,Illtyd 4,Vale of Glamorgan,20.7
W01001102,Illtyd 5,Vale of Glamorgan,14.7
W01001103,Illtyd 6,Vale of Glamorgan,2.7
W01001104,Llandough,Vale of Glamorgan,8.6
W01001105,Llandow/Ewenny,Vale of Glamorgan,8.0
W01001106,Llantwit Major 1,Vale of Glamorgan,3.6
W01001107,Llantwit Major 2,Vale of Glamorgan,6.6
W01001108,Llantwit Major 3,Vale of Glamorgan,10.6
W01001109,Llantwit Major 4,Vale of Glamorgan,11.5
W01001110,Llantwit Major 5,Vale of Glamorgan,6.0
W01001111,Llantwit Major 6,Vale of Glamorgan,20.5
W01001112,Llantwit Major 7,Vale of Glamorgan,2.3
W01001113,Peterston-super-Ely,Vale of Glamorgan,7.6
W01001114,Plymouth (The Vale of Glamorgan) 1,Vale of Glamorgan,1.6
W01001115,Plymouth (The Vale of Glamorgan) 2,Vale of Glamorgan,5.5
W01001116,Plymouth (The Vale of Glamorgan) 3,Vale of Glamorgan,2.9
W01001117,Rhoose 1,Vale of Glamorgan,8.5
W01001118,Rhoose 2,Vale of Glamorgan,9.4
W01001119,Rhoose 3,Vale of Glamorgan,9.2
W01001120,Rhoose 4,Vale of Glamorgan,4.0
W01001121,St. Athan 1,Vale of Glamorgan,19.6
W01001122,St. Athan 2,Vale of Glamorgan,8.1
W01001123,St. Augustine's 1,Vale of Glamorgan,6.1
W01001124,St. Augustine's 2,Vale of Glamorgan,10.7
W01001125,St. Augustine's 3,Vale of Glamorgan,6.8
W01001126,St. Augustine's 4,Vale of Glamorgan,8.1
W01001127,St. Bride's Major 1,Vale of Glamorgan,6.7
W01001128,St. Bride's Major 2,Vale of Glamorgan,5.7
W01001129,Stanwell 1,Vale of Glamorgan,17.2
W01001130,Stanwell 2,Vale of Glamorgan,3.2
W01001131,Stanwell 3,Vale of Glamorgan,19.8
W01001132,Sully 1,Vale of Glamorgan,3.4
W01001133,Sully 2,Vale of Glamorgan,2.5
W01001134,Sully 3,Vale of Glamorgan,5.4
W01001135,Wenvoe 1,Vale of Glamorgan,6.8
W01001136,Wenvoe 2,Vale of Glamorgan,5.9
W01001137,Aberaman North 1,Rhondda Cynon Taf,30.7
W01001138,Aberaman North 2,Rhondda Cynon Taf,40.2
W01001139,Aberaman North 3,Rhondda Cynon Taf,20.0
W01001140,Aberaman South 1,Rhondda Cynon Taf,32.0
W01001141,Aberaman South 2,Rhondda Cynon Taf,37.6
W01001142,Aberaman South 3,Rhondda Cynon Taf,40.1
W01001143,Abercynon 1,Rhondda Cynon Taf,17.2
W01001144,Abercynon 2,Rhondda Cynon Taf,65.4
W01001145,Abercynon 3,Rhondda Cynon Taf,28.0
W01001146,Abercynon 4,Rhondda Cynon Taf,15.9
W01001147,Aberdare East 1,Rhondda Cynon Taf,18.5
W01001148,Aberdare East 2,Rhondda Cynon Taf,25.9
W01001149,Aberdare East 3,Rhondda Cynon Taf,22.0
W01001150,Aberdare East 4,Rhondda Cynon Taf,38.3
W01001151,Aberdare West/Llwydcoed 1,Rhondda Cynon Taf,11.5
W01001152,Aberdare West/Llwydcoed 2,Rhondda Cynon Taf,14.5
W01001153,Aberdare West/Llwydcoed 3,Rhondda Cynon Taf,31.2
W01001154,Aberdare West/Llwydcoed 4,Rhondda Cynon Taf,30.4
W01001155,Aberdare West/Llwydcoed 5,Rhondda Cynon Taf,26.1
W01001156,Aberdare West/Llwydcoed 6,Rhondda Cynon Taf,2.0
W01001157,Beddau 1,Rhondda Cynon Taf,10.1
W01001158,Beddau 2,Rhondda Cynon Taf,24.0
W01001159,Beddau 3,Rhondda Cynon Taf,4.6
W01001160,Brynna 1,Rhondda Cynon Taf,7.5
W01001161,Brynna 2,Rhondda Cynon Taf,11.5
W01001162,Church Village 1,Rhondda Cynon Taf,28.2
W01001164,Cilfynydd 1,Rhondda Cynon Taf,20.5
W01001165,Cilfynydd 2,Rhondda Cynon Taf,22.0
W01001166,Cwm Clydach 1,Rhondda Cynon Taf,44.0
W01001167,Cwm Clydach 2,Rhondda Cynon Taf,26.8
W01001168,Cwmbach 1,Rhondda Cynon Taf,23.0
W01001169,Cwmbach 2,Rhondda Cynon Taf,41.6
W01001170,Cwmbach 3,Rhondda Cynon Taf,8.8
W01001171,Cymmer (Rhondda Cynon Taf) 1,Rhondda Cynon Taf,22.0
W01001172,Cymmer (Rhondda Cynon Taf) 2,Rhondda Cynon Taf,19.8
W01001173,Cymmer (Rhondda Cynon Taf) 3,Rhondda Cynon Taf,52.9
W01001174,Cymmer (Rhondda Cynon Taf) 4,Rhondda Cynon Taf,55.2
W01001175,Ferndale 1,Rhondda Cynon Taf,23.5
W01001176,Ferndale 2,Rhondda Cynon Taf,24.2
W01001177,Ferndale 3,Rhondda Cynon Taf,29.4
W01001178,Gilfach Goch 1,Rhondda Cynon Taf,20.3
W01001179,Gilfach Goch 2,Rhondda Cynon Taf,45.4
W01001180,Glyncoch 1,Rhondda Cynon Taf,61.8
W01001181,Glyncoch 2,Rhondda Cynon Taf,30.0
W01001182,Graig (Rhondda Cynon Taf) 1,Rhondda Cynon Taf,24.5
W01001183,Graig (Rhondda Cynon Taf) 2,Rhondda Cynon Taf,38.4
W01001184,Hawthorn 1,Rhondda Cynon Taf,15.0
W01001185,Hawthorn 2,Rhondda Cynon Taf,33.0
W01001186,Hirwaun 1,Rhondda Cynon Taf,17.2
W01001187,Hirwaun 2,Rhondda Cynon Taf,23.1
W01001188,Hirwaun 3,Rhondda Cynon Taf,45.4
W01001189,Llanharan 1,Rhondda Cynon Taf,24.0
W01001190,Llanharan 2,Rhondda Cynon Taf,7.4
W01001191,Llanharry 1,Rhondda Cynon Taf,6.7
W01001192,Llanharry 2,Rhondda Cynon Taf,39.1
W01001193,Llantrisant Town 1,Rhondda Cynon Taf,4.8
W01001194,Llantrisant Town 2,Rhondda Cynon Taf,3.7
W01001195,Llantrisant Town 3,Rhondda Cynon Taf,14.8
W01001196,Llantwit Fardre 1,Rhondda Cynon Taf,5.1
W01001197,Llantwit Fardre 2,Rhondda Cynon Taf,2.2
W01001198,Llantwit Fardre 3,Rhondda Cynon Taf,5.6
W01001199,Llantwit Fardre 4,Rhondda Cynon Taf,6.3
W01001200,Llwyn-y-pia 1,Rhondda Cynon Taf,27.2
W01001201,Llwyn-y-pia 2,Rhondda Cynon Taf,47.0
W01001202,Maerdy 1,Rhondda Cynon Taf,50.4
W01001203,Maerdy 2,Rhondda Cynon Taf,61.4
W01001204,Mountain Ash East 1,Rhondda Cynon Taf,16.8
W01001205,Mountain Ash East 2,Rhondda Cynon Taf,29.7
W01001206,Mountain Ash West 1,Rhondda Cynon Taf,29.2
W01001207,Mountain Ash West 2,Rhondda Cynon Taf,48.9
W01001208,Mountain Ash West 3,Rhondda Cynon Taf,34.3
W01001209,Penrhiwceiber 1,Rhondda Cynon Taf,74.8
W01001210,Penrhiwceiber 2,Rhondda Cynon Taf,38.3
W01001211,Penrhiwceiber 3,Rhondda Cynon Taf,31.3
W01001212,Penrhiwceiber 4,Rhondda Cynon Taf,34.3
W01001213,Pentre 1,Rhondda Cynon Taf,26.0
W01001214,Pentre 2,Rhondda Cynon Taf,10.2
W01001215,Pentre 3,Rhondda Cynon Taf,48.5
W01001216,Pentre 4,Rhondda Cynon Taf,28.5
W01001217,Pen-y-graig 1,Rhondda Cynon Taf,38.8
W01001218,Pen-y-graig 2,Rhondda Cynon Taf,23.0
W01001219,Pen-y-graig 3,Rhondda Cynon Taf,51.5
W01001220,Pen-y-graig 4,Rhondda Cynon Taf,22.2
W01001221,Pen-y-waun 1,Rhondda Cynon Taf,52.4
W01001222,Pen-y-waun 2,Rhondda Cynon Taf,70.6
W01001223,Pont-y-clun 1,Rhondda Cynon Taf,4.6
W01001224,Pont-y-clun 2,Rhondda Cynon Taf,1.3
W01001225,Pont-y-clun 3,Rhondda Cynon Taf,2.1
W01001226,Pont-y-clun 4,Rhondda Cynon Taf,14.4
W01001227,Pontypridd Town 1,Rhondda Cynon Taf,9.6
W01001228,Pontypridd Town 2,Rhondda Cynon Taf,17.2
W01001229,Porth 1,Rhondda Cynon Taf,21.7
W01001230,Porth 2,Rhondda Cynon Taf,12.8
W01001231,Porth 3,Rhondda Cynon Taf,31.9
W01001232,Porth 4,Rhondda Cynon Taf,27.1
W01001233,Rhigos,Rhondda Cynon Taf,22.8
W01001234,Rhondda 1,Rhondda Cynon Taf,22.7
W01001235,Rhondda 2,Rhondda Cynon Taf,28.9
W01001236,Rhondda 3,Rhondda Cynon Taf,12.6
W01001237,Rhydfelen Central / Llan 1,Rhondda Cynon Taf,42.2
W01001238,Rhydfelen Central / Llan 2,Rhondda Cynon Taf,67.3
W01001239,Rhydfelen Central / Llan 3,Rhondda Cynon Taf,48.3
W01001240,Taffs Well 1,Rhondda Cynon Taf,12.5
W01001241,Taffs Well 2,Rhondda Cynon Taf,15.0
W01001242,Talbot Green 1,Rhondda Cynon Taf,9.3
W01001243,Talbot Green 2,Rhondda Cynon Taf,31.0
W01001244,Ton-teg 1,Rhondda Cynon Taf,9.1
W01001245,Ton-teg 2,Rhondda Cynon Taf,6.7
W01001246,Ton-teg 3,Rhondda Cynon Taf,14.1
W01001247,Tonypandy 1,Rhondda Cynon Taf,28.9
W01001248,Tonypandy 2,Rhondda Cynon Taf,25.2
W01001249,Tonyrefail East 1,Rhondda Cynon Taf,24.5
W01001250,Tonyrefail East 2,Rhondda Cynon Taf,20.7
W01001251,Tonyrefail East 3,Rhondda Cynon Taf,54.4
W01001252,Tonyrefail East 4,Rhondda Cynon Taf,6.9
W01001253,Tonyrefail West 1,Rhondda Cynon Taf,26.0
W01001255,Tonyrefail West 3,Rhondda Cynon Taf,44.6
W01001256,Trallwng 1,Rhondda Cynon Taf,23.4
W01001257,Trallwng 2,Rhondda Cynon Taf,10.7
W01001258,Trallwng 3,Rhondda Cynon Taf,27.1
W01001259,Trealaw 1,Rhondda Cynon Taf,26.6
W01001260,Trealaw 2,Rhondda Cynon Taf,52.5
W01001261,Trealaw 3,Rhondda Cynon Taf,36.6
W01001262,Treforest 1,Rhondda Cynon Taf,25.4
W01001263,Treforest 2,Rhondda Cynon Taf,20.0
W01001264,Treforest 3,Rhondda Cynon Taf,18.3
W01001265,Treherbert 1,Rhondda Cynon Taf,28.7
W01001266,Treherbert 2,Rhondda Cynon Taf,51.1
W01001267,Treherbert 3,Rhondda Cynon Taf,39.9
W01001268,Treherbert 4,Rhondda Cynon Taf,37.6
W01001269,Treorchy 1,Rhondda Cynon Taf,19.5
W01001270,Treorchy 2,Rhondda Cynon Taf,21.9
W01001271,Treorchy 3,Rhondda Cynon Taf,32.5
W01001272,Treorchy 4,Rhondda Cynon Taf,26.5
W01001273,Treorchy 5,Rhondda Cynon Taf,19.6
W01001274,Tylorstown 1,Rhondda Cynon Taf,77.8
W01001275,Tylorstown 2,Rhondda Cynon Taf,43.4
W01001276,Tylorstown 3,Rhondda Cynon Taf,51.7
W01001277,Tyn-y-nant 1,Rhondda Cynon Taf,7.2
W01001278,Tyn-y-nant 2,Rhondda Cynon Taf,23.7
W01001279,Tyn-y-nant 3,Rhondda Cynon Taf,47.9
W01001280,Ynyshir 1,Rhondda Cynon Taf,50.4
W01001281,Ynyshir 2,Rhondda Cynon Taf,20.9
W01001282,Ynysybwl 1,Rhondda Cynon Taf,34.7
W01001283,Ynysybwl 2,Rhondda Cynon Taf,22.9
W01001284,Ynysybwl 3,Rhondda Cynon Taf,7.3
W01001285,Ystrad 1,Rhondda Cynon Taf,24.5
W01001286,Ystrad 2,Rhondda Cynon Taf,25.5
W01001287,Ystrad 3,Rhondda Cynon Taf,32.7
W01001288,Ystrad 4,Rhondda Cynon Taf,49.3
W01001289,Bedlinog 1,Merthyr Tydfil,28.8
W01001290,Bedlinog 2,Merthyr Tydfil,25.4
W01001291,Cyfarthfa 1,Merthyr Tydfil,15.7
W01001292,Cyfarthfa 2,Merthyr Tydfil,57.9
W01001293,Cyfarthfa 3,Merthyr Tydfil,26.3
W01001294,Cyfarthfa 4,Merthyr Tydfil,4.7
W01001295,Dowlais 1,Merthyr Tydfil,49.4
W01001296,Dowlais 2,Merthyr Tydfil,18.3
W01001297,Dowlais 3,Merthyr Tydfil,24.7
W01001298,Dowlais 4,Merthyr Tydfil,34.5
W01001299,Gurnos 1,Merthyr Tydfil,60.6
W01001300,Gurnos 2,Merthyr Tydfil,51.7
W01001301,Gurnos 3,Merthyr Tydfil,46.5
W01001302,Merthyr Vale 1,Merthyr Tydfil,33.2
W01001303,Merthyr Vale 2,Merthyr Tydfil,65.0
W01001304,Merthyr Vale 3,Merthyr Tydfil,17.7
W01001305,Park 1,Merthyr Tydfil,22.2
W01001306,Park 2,Merthyr Tydfil,15.0
W01001307,Park 3,Merthyr Tydfil,47.5
W01001308,Penydarren 1,Merthyr Tydfil,74.4
W01001309,Penydarren 2,Merthyr Tydfil,39.0
W01001310,Penydarren 3,Merthyr Tydfil,16.9
W01001311,Penydarren 4,Merthyr Tydfil,23.2
W01001312,Plymouth (Merthyr Tydfil) 1,Merthyr Tydfil,31.3
W01001313,Plymouth (Merthyr Tydfil) 2,Merthyr Tydfil,25.5
W01001314,Plymouth (Merthyr Tydfil) 3,Merthyr Tydfil,22.8
W01001315,Town 1,Merthyr Tydfil,35.0
W01001316,Town 2,Merthyr Tydfil,11.9
W01001317,Town 3,Merthyr Tydfil,30.2
W01001318,Town 4,Merthyr Tydfil,18.0
W01001319,Treharris 1,Merthyr Tydfil,6.5
W01001320,Treharris 2,Merthyr Tydfil,21.1
W01001321,Treharris 3,Merthyr Tydfil,25.9
W01001322,Treharris 4,Merthyr Tydfil,26.8
W01001324,Vaynor 2,Merthyr Tydfil,16.2
W01001325,Aberbargoed 1,Caerphilly,34.6
W01001326,Aberbargoed 2,Caerphilly,45.3
W01001327,Abercarn 1,Caerphilly,16.5
W01001328,Abercarn 2,Caerphilly,22.4
W01001329,Abercarn 3,Caerphilly,22.4
W01001330,Aber Valley 1,Caerphilly,22.6
W01001331,Aber Valley 2,Caerphilly,24.6
W01001332,Aber Valley 3,Caerphilly,34.9
W01001333,Aber Valley 4,Caerphilly,34.3
W01001334,Argoed (Caerphilly) 1,Caerphilly,42.0
W01001335,Argoed (Caerphilly) 2,Caerphilly,22.7
W01001336,Bargoed 1,Caerphilly,27.1
W01001337,Bargoed 2,Caerphilly,22.9
W01001338,Bargoed 3,Caerphilly,30.2
W01001339,Bargoed 4,Caerphilly,66.4
W01001340,Bedwas Trethomas and Machen 1,Caerphilly,6.7
W01001341,Bedwas Trethomas and Machen 2,Caerphilly,37.3
W01001342,Bedwas Trethomas and Machen 3,Caerphilly,6.4
W01001343,Bedwas Trethomas and Machen 4,Caerphilly,6.9
W01001344,Bedwas Trethomas and Machen 5,Caerphilly,16.1
W01001345,Bedwas Trethomas and Machen 6,Caerphilly,63.2
W01001346,Bedwas Trethomas and Machen 7,Caerphilly,20.2
W01001347,Blackwood 1,Caerphilly,17.0
W01001348,Blackwood 2,Caerphilly,32.9
W01001349,Blackwood 3,Caerphilly,5.3
W01001350,Blackwood 4,Caerphilly,18.1
W01001351,Blackwood 5,Caerphilly,6.1
W01001352,Cefn Fforest 1,Caerphilly,33.8
W01001353,Cefn Fforest 2,Caerphilly,31.7
W01001354,Crosskeys 1,Caerphilly,13.0
W01001355,Crosskeys 2,Caerphilly,24.1
W01001356,Crumlin 1,Caerphilly,10.3
W01001357,Crumlin 2,Caerphilly,8.4
W01001358,Crumlin 3,Caerphilly,39.6
W01001359,Crumlin 4,Caerphilly,18.5
W01001360,Darren Valley 1,Caerphilly,20.2
W01001361,Darren Valley 2,Caerphilly,48.8
W01001362,Gilfach,Caerphilly,28.8
W01001363,Hengoed (Caerphilly) 1,Caerphilly,24.9
W01001364,Hengoed (Caerphilly) 2,Caerphilly,49.9
W01001365,Hengoed (Caerphilly) 3,Caerphilly,23.5
W01001366,Llanbradach 1,Caerphilly,14.9
W01001367,Llanbradach 2,Caerphilly,17.3
W01001368,Llanbradach 3,Caerphilly,30.3
W01001369,Maesycwmmer,Caerphilly,15.5
W01001370,Morgan Jones 1,Caerphilly,15.8
W01001371,Morgan Jones 2,Caerphilly,40.7
W01001372,Morgan Jones 3,Caerphilly,14.4
W01001373,Morgan Jones 4,Caerphilly,18.5
W01001374,Moriah 1,Caerphilly,33.0
W01001375,Moriah 2,Caerphilly,41.1
W01001376,Moriah 3,Caerphilly,57.3
W01001377,Nelson 1,Caerphilly,14.9
W01001378,Nelson 2,Caerphilly,27.0
W01001379,Nelson 3,Caerphilly,11.2
W01001380,Newbridge 1,Caerphilly,13.5
W01001381,Newbridge 2,Caerphilly,41.9
W01001382,Newbridge 3,Caerphilly,15.3
W01001383,Newbridge 4,Caerphilly,20.8
W01001384,New Tredegar 1,Caerphilly,26.0
W01001385,New Tredegar 2,Caerphilly,40.1
W01001386,New Tredegar 3,Caerphilly,60.3
W01001387,Pengam 1,Caerphilly,29.4
W01001388,Pengam 2,Caerphilly,32.6
W01001389,Pengam 3,Caerphilly,18.6
W01001390,Penmaen 1,Caerphilly,5.2
W01001391,Penmaen 2,Caerphilly,18.0
W01001392,Penmaen 3,Caerphilly,9.1
W01001393,Penyrheol (Caerphilly) 1,Caerphilly,32.6
W01001394,Penyrheol (Caerphilly) 2,Caerphilly,3.4
W01001395,Penyrheol (Caerphilly) 3,Caerphilly,27.1
W01001396,Penyrheol (Caerphilly) 4,Caerphilly,40.2
W01001397,Penyrheol (Caerphilly) 5,Caerphilly,11.4
W01001398,Penyrheol (Caerphilly) 6,Caerphilly,6.2
W01001399,Penyrheol (Caerphilly) 7,Caerphilly,12.0
W01001400,Penyrheol (Caerphilly) 8,Caerphilly,53.9
W01001401,Pontllanfraith 1,Caerphilly,23.8
W01001402,Pontllanfraith 2,Caerphilly,31.5
W01001403,Pontllanfraith 3,Caerphilly,17.0
W01001404,Pontllanfraith 4,Caerphilly,5.6
W01001405,Pontllanfraith 5,Caerphilly,22.5
W01001406,Pontlottyn,Caerphilly,36.2
W01001407,Risca East 1,Caerphilly,13.7
W01001408,Risca East 2,Caerphilly,30.5
W01001409,Risca East 3,Caerphilly,11.2
W01001410,Risca East 4,Caerphilly,26.3
W01001411,Risca West 1,Caerphilly,19.9
W01001412,Risca West 2,Caerphilly,18.6
W01001413,Risca West 3,Caerphilly,24.6
W01001414,St. Cattwg 1,Caerphilly,37.9
W01001415,St. Cattwg 2,Caerphilly,22.2
W01001416,St. Cattwg 3,Caerphilly,17.0
W01001417,St. Cattwg 4,Caerphilly,8.2
W01001418,St. Cattwg 5,Caerphilly,35.7
W01001419,St. James 1,Caerphilly,14.4
W01001420,St. James 2,Caerphilly,9.3
W01001421,St. James 3,Caerphilly,79.8
W01001422,St. James 4,Caerphilly,51.1
W01001423,St. Martins 1,Caerphilly,8.5
W01001424,St. Martins 2,Caerphilly,22.0
W01001425,St. Martins 3,Caerphilly,11.1
W01001426,St. Martins 4,Caerphilly,5.8
W01001427,St. Martins 5,Caerphilly,2.2
W01001428,Twyn Carno 1,Caerphilly,73.7
W01001429,Twyn Carno 2,Caerphilly,29.2
W01001430,Ynysddu 1,Caerphilly,19.1
W01001431,Ynysddu 2,Caerphilly,15.7
W01001432,Ystrad Mynach 1,Caerphilly,12.7
W01001433,Ystrad Mynach 2,Caerphilly,24.0
W01001434,Ystrad Mynach 3,Caerphilly,7.9
W01001435,Abertillery 1,Blaenau Gwent,28.4
W01001436,Abertillery 2,Blaenau Gwent,38.3
W01001437,Abertillery 3,Blaenau Gwent,17.8
W01001438,Badminton 1,Blaenau Gwent,25.5
W01001439,Badminton 2,Blaenau Gwent,14.3
W01001440,Beaufort 1,Blaenau Gwent,25.5
W01001441,Beaufort 2,Blaenau Gwent,40.9
W01001442,Beaufort 3,Blaenau Gwent,10.0
W01001443,Blaina 1,Blaenau Gwent,36.9
W01001444,Blaina 2,Blaenau Gwent,28.5
W01001445,Blaina 3,Blaenau Gwent,22.5
W01001446,Brynmawr 1,Blaenau Gwent,18.1
W01001447,Brynmawr 2,Blaenau Gwent,37.7
W01001448,Brynmawr 3,Blaenau Gwent,26.4
W01001449,Brynmawr 4,Blaenau Gwent,27.1
W01001450,Cwm 1,Blaenau Gwent,23.3
W01001451,Cwm 2,Blaenau Gwent,36.3
W01001452,Cwm 3,Blaenau Gwent,14.6
W01001453,Cwmtillery 1,Blaenau Gwent,47.0
W01001454,Cwmtillery 2,Blaenau Gwent,33.1
W01001455,Cwmtillery 3,Blaenau Gwent,27.6
W01001456,Ebbw Vale North 1,Blaenau Gwent,34.1
W01001457,Ebbw Vale North 2,Blaenau Gwent,54.5
W01001458,Ebbw Vale North 3,Blaenau Gwent,18.0
W01001459,Ebbw Vale South 1,Blaenau Gwent,49.3
W01001460,Ebbw Vale South 2,Blaenau Gwent,27.2
W01001461,Ebbw Vale South 3,Blaenau Gwent,30.8
W01001462,Georgetown 1,Blaenau Gwent,20.3
W01001463,Georgetown 2,Blaenau Gwent,14.2
W01001464,Llanhilleth 1,Blaenau Gwent,41.9
W01001465,Llanhilleth 2,Blaenau Gwent,40.7
W01001466,Llanhilleth 3,Blaenau Gwent,39.7
W01001467,Nantyglo 1,Blaenau Gwent,39.7
W01001468,Nantyglo 2,Blaenau Gwent,33.4
W01001469,Nantyglo 3,Blaenau Gwent,48.8
W01001470,Rassau 1,Blaenau Gwent,15.5
W01001471,Rassau 2,Blaenau Gwent,42.0
W01001472,Sirhowy 1,Blaenau Gwent,15.6
W01001473,Sirhowy 2,Blaenau Gwent,61.2
W01001474,Sirhowy 3,Blaenau Gwent,31.1
W01001475,Sirhowy 4,Blaenau Gwent,20.8
W01001476,Six Bells 1,Blaenau Gwent,41.2
W01001477,Six Bells 2,Blaenau Gwent,21.6
W01001478,Tredegar Central and West 1,Blaenau Gwent,19.5
W01001479,Tredegar Central and West 2,Blaenau Gwent,65.0
W01001480,Tredegar Central and West 3,Blaenau Gwent,41.7
W01001481,Tredegar Central and West 4,Blaenau Gwent,42.7
W01001482,Abersychan 1,Torfaen,36.4
W01001483,Abersychan 2,Torfaen,43.6
W01001484,Abersychan 3,Torfaen,16.2
W01001485,Abersychan 4,Torfaen,37.6
W01001486,Abersychan 5,Torfaen,20.1
W01001487,Blaenavon 1,Torfaen,24.7
W01001488,Blaenavon 2,Torfaen,39.6
W01001489,Blaenavon 3,Torfaen,30.1
W01001490,Blaenavon 4,Torfaen,18.9
W01001491,Brynwern,Torfaen,33.4
W01001492,Coed Eva,Torfaen,13.5
W01001493,Croesyceiliog North 1,Torfaen,20.8
W01001494,Croesyceiliog North 2,Torfaen,8.5
W01001495,Croesyceiliog South,Torfaen,11.4
W01001496,Cwmyniscoy,Torfaen,42.2
W01001497,Fairwater (Torfaen) 1,Torfaen,28.0
W01001498,Fairwater (Torfaen) 2,Torfaen,33.6
W01001499,Fairwater (Torfaen) 3,Torfaen,12.5
W01001500,Fairwater (Torfaen) 4,Torfaen,4.9
W01001501,Greenmeadow 1,Torfaen,38.6
W01001502,Greenmeadow 2,Torfaen,7.6
W01001503,Greenmeadow 3,Torfaen,38.4
W01001504,Llantarnam 1,Torfaen,17.7
W01001505,Llantarnam 2,Torfaen,11.3
W01001506,Llantarnam 3,Torfaen,42.3
W01001507,Llanyrafon North,Torfaen,12.8
W01001508,Llanyrafon South 1,Torfaen,8.9
W01001509,Llanyrafon South 2,Torfaen,3.6
W01001510,New Inn 1,Torfaen,14.3
W01001511,New Inn 2,Torfaen,15.7
W01001512,New Inn 3,Torfaen,3.1
W01001513,New Inn 4,Torfaen,4.7
W01001514,Panteg 1,Torfaen,8.3
W01001515,Panteg 2,Torfaen,13.5
W01001516,Panteg 3,Torfaen,28.1
W01001517,Panteg 4,Torfaen,6.6
W01001518,Panteg 5,Torfaen,6.6
W01001519,Pontnewydd 1,Torfaen,53.2
W01001520,Pontnewydd 2,Torfaen,17.6
W01001521,Pontnewydd 3,Torfaen,20.9
W01001522,Pontnewydd 4,Torfaen,25.4
W01001523,Pontnewynydd,Torfaen,23.8
W01001524,Pontypool,Torfaen,28.1
W01001525,St. Cadocs and Penygarn,Torfaen,34.8
W01001526,St. Dials 1,Torfaen,37.0
W01001527,St. Dials 2,Torfaen,25.9
W01001528,St. Dials 3,Torfaen,23.6
W01001529,Snatchwood,Torfaen,33.3
W01001530,Trevethin 1,Torfaen,63.9
W01001531,Trevethin 2,Torfaen,35.9
W01001532,Two Locks 1,Torfaen,37.7
W01001533,Two Locks 2,Torfaen,3.7
W01001534,Two Locks 3,Torfaen,16.0
W01001535,Two Locks 4,Torfaen,11.0
W01001536,Upper Cwmbran 1,Torfaen,45.6
W01001537,Upper Cwmbran 2,Torfaen,9.9
W01001538,Upper Cwmbran 3,Torfaen,39.0
W01001539,Upper Cwmbran 4,Torfaen,30.5
W01001540,Wainfelin 1,Torfaen,15.2
W01001541,Wainfelin 2,Torfaen,27.3
W01001542,Caerwent,Monmouthshire,9.2
W01001543,Caldicot Castle 1,Monmouthshire,7.4
W01001545,Cantref 1,Monmouthshire,7.2
W01001546,Cantref 2,Monmouthshire,33.4
W01001548,Crucorney,Monmouthshire,13.5
W01001549,Devauden,Monmouthshire,9.3
W01001551,Dewstow & Green Lane 2,Monmouthshire,20.8
W01001552,Dixton with Osbaston,Monmouthshire,3.7
W01001553,Drybridge 1,Monmouthshire,13.8
W01001554,Drybridge 2,Monmouthshire,10.6
W01001555,Goetre Fawr 1,Monmouthshire,7.8
W01001556,Goetre Fawr 2,Monmouthshire,12.5
W01001557,Grofield,Monmouthshire,19.8
W01001558,Lansdown,Monmouthshire,23.5
W01001559,Larkfield,Monmouthshire,9.5
W01001560,Llanbadoc,Monmouthshire,11.2
W01001561,Llanelly Hill 1,Monmouthshire,3.9
W01001562,Llanelly Hill 2,Monmouthshire,17.9
W01001563,Llanelly Hill 3,Monmouthshire,9.5
W01001564,Castle & Llanfoist Fawr,Monmouthshire,15.4
W01001565,Llangybi Fawr,Monmouthshire,11.8
W01001566,Llanover 1,Monmouthshire,21.6
W01001567,Llanover 2,Monmouthshire,20.2
W01001568,Llantilio Crossenny,Monmouthshire,13.1
W01001569,Llanwenarth Ultra,Monmouthshire,11.5
W01001571,Mardy 2,Monmouthshire,13.3
W01001572,Mill 1,Monmouthshire,7.9
W01001573,Mill 2,Monmouthshire,7.4
W01001574,Mill 3,Monmouthshire,5.5
W01001575,Mitchel Troy,Monmouthshire,12.7
W01001576,Overmonnow 1,Monmouthshire,17.2
W01001577,Overmonnow 2,Monmouthshire,31.4
W01001578,Portskewett,Monmouthshire,8.4
W01001579,Priory 1,Monmouthshire,10.6
W01001580,Priory 2,Monmouthshire,15.8
W01001581,Raglan,Monmouthshire,10.0
W01001582,Rogiet,Monmouthshire,12.7
W01001583,St. Arvans,Monmouthshire,11.3
W01001584,St. Christopher's,Monmouthshire,13.4
W01001585,St. Kingsmark 1,Monmouthshire,1.4
W01001586,St. Kingsmark 2,Monmouthshire,3.4
W01001587,St. Mary's,Monmouthshire,17.0
W01001588,Severn 1,Monmouthshire,7.7
W01001589,Severn 2,Monmouthshire,18.3
W01001590,Shirenewton,Monmouthshire,7.5
W01001591,The Elms,Monmouthshire,3.9
W01001592,Thornwell 1,Monmouthshire,30.4
W01001593,Thornwell 2,Monmouthshire,16.6
W01001594,Trellech United 1,Monmouthshire,13.4
W01001595,Trellech United 2,Monmouthshire,9.1
W01001596,Usk 1,Monmouthshire,9.1
W01001597,Usk 2,Monmouthshire,3.2
W01001598,West End,Monmouthshire,24.1
W01001599,Wyesham,Monmouthshire,17.4
W01001600,Allt-yr-yn 1,Newport,3.7
W01001601,Allt-yr-yn 2,Newport,44.4
W01001602,Allt-yr-yn 3,Newport,4.4
W01001603,Allt-yr-yn 4,Newport,20.1
W01001604,Allt-yr-yn 5,Newport,6.6
W01001605,Allt-yr-yn 6,Newport,30.1
W01001606,Alway 1,Newport,9.7
W01001607,Alway 2,Newport,56.9
W01001608,Alway 3,Newport,10.6
W01001609,Alway 4,Newport,51.3
W01001610,Alway 5,Newport,33.0
W01001611,Alway 6,Newport,20.1
W01001612,Beechwood 1,Newport,21.2
W01001613,Beechwood 2,Newport,16.4
W01001614,Beechwood 3,Newport,41.2
W01001615,Beechwood 4,Newport,20.4
W01001616,Beechwood 5,Newport,11.7
W01001617,Bettws (Newport) 1,Newport,62.3
W01001618,Bettws (Newport) 2,Newport,42.7
W01001619,Bettws (Newport) 3,Newport,55.9
W01001620,Bettws (Newport) 4,Newport,37.6
W01001621,Bettws (Newport) 5,Newport,46.1
W01001622,Bettws (Newport) 6,Newport,24.3
W01001623,Caerleon 1,Newport,9.0
W01001624,Caerleon 2,Newport,5.8
W01001625,Caerleon 3,Newport,12.0
W01001626,Caerleon 4,Newport,10.8
W01001627,Caerleon 5,Newport,4.4
W01001628,Caerleon 6,Newport,26.6
W01001629,Gaer 1,Newport,15.2
W01001630,Gaer 2,Newport,36.3
W01001631,Gaer 3,Newport,9.0
W01001632,Gaer 4,Newport,24.6
W01001633,Gaer 5,Newport,46.3
W01001634,Gaer 6,Newport,25.8
W01001635,Graig (Newport) 1,Newport,6.5
W01001636,Graig (Newport) 2,Newport,4.2
W01001637,Graig (Newport) 3,Newport,9.1
W01001638,Graig (Newport) 4,Newport,2.4
W01001639,Langstone 1,Newport,5.8
W01001640,Langstone 2,Newport,7.7
W01001641,Langstone 3,Newport,6.5
W01001642,Liswerry 1,Newport,33.5
W01001643,Liswerry 2,Newport,45.9
W01001644,Liswerry 3,Newport,21.1
W01001645,Liswerry 4,Newport,24.9
W01001646,Liswerry 5,Newport,49.1
W01001647,Liswerry 6,Newport,22.0
W01001648,Liswerry 7,Newport,21.7
W01001649,Llanwern 1,Newport,18.7
W01001650,Llanwern 2,Newport,21.5
W01001651,Malpas 1,Newport,5.6
W01001652,Malpas 2,Newport,55.6
W01001653,Malpas 3,Newport,7.1
W01001654,Malpas 4,Newport,8.9
W01001655,Malpas 5,Newport,6.4
W01001657,Marshfield 2,Newport,8.2
W01001658,Marshfield 3,Newport,9.1
W01001659,Pillgwenlly 1,Newport,67.9
W01001660,Pillgwenlly 2,Newport,40.5
W01001661,Pillgwenlly 3,Newport,54.1
W01001662,Pillgwenlly 4,Newport,72.1
W01001663,Ringland 1,Newport,35.2
W01001664,Ringland 2,Newport,48.2
W01001665,Ringland 3,Newport,24.3
W01001666,Ringland 4,Newport,52.4
W01001667,Ringland 5,Newport,57.1
W01001668,Ringland 6,Newport,44.9
W01001669,Rogerstone 1,Newport,1.9
W01001670,Rogerstone 2,Newport,4.0
W01001671,Rogerstone 3,Newport,20.7
W01001672,Rogerstone 4,Newport,13.4
W01001673,Rogerstone 5,Newport,3.7
W01001674,Rogerstone 6,Newport,15.1
W01001675,St. Julians 1,Newport,19.5
W01001676,St. Julians 2,Newport,35.2
W01001677,St. Julians 3,Newport,13.0
W01001678,St. Julians 4,Newport,31.6
W01001679,St. Julians 5,Newport,11.3
W01001680,St. Julians 6,Newport,17.9
W01001681,Shaftesbury 1,Newport,50.5
W01001682,Shaftesbury 2,Newport,26.5
W01001683,Shaftesbury 3,Newport,17.0
W01001684,Shaftesbury 4,Newport,20.0
W01001685,Stow Hill 1,Newport,35.0
W01001686,Stow Hill 2,Newport,20.6
W01001687,Stow Hill 3,Newport,49.1
W01001688,Tredegar Park 1,Newport,22.6
W01001689,Tredegar Park 2,Newport,63.9
W01001690,Victoria 1,Newport,36.0
W01001691,Victoria 2,Newport,46.8
W01001692,Victoria 3,Newport,45.2
W01001693,Victoria 4,Newport,51.2
W01001694,Adamsdown 1,Cardiff,44.7
W01001695,Adamsdown 2,Cardiff,34.2
W01001696,Adamsdown 3,Cardiff,58.0
W01001697,Adamsdown 4,Cardiff,40.7
W01001698,Adamsdown 5,Cardiff,45.8
W01001699,Butetown 1,Cardiff,47.8
W01001702,Caerau (Cardiff) 1,Cardiff,26.4
W01001703,Caerau (Cardiff) 2,Cardiff,52.1
W01001704,Caerau (Cardiff) 3,Cardiff,66.6
W01001705,Caerau (Cardiff) 4,Cardiff,40.9
W01001706,Caerau (Cardiff) 5,Cardiff,25.2
W01001707,Caerau (Cardiff) 6,Cardiff,50.8
W01001708,Caerau (Cardiff) 7,Cardiff,53.3
W01001709,Canton 1,Cardiff,20.9
W01001710,Canton 2,Cardiff,23.7
W01001711,Canton 3,Cardiff,35.7
W01001712,Canton 4,Cardiff,16.0
W01001713,Canton 5,Cardiff,23.7
W01001714,Canton 6,Cardiff,7.0
W01001715,Canton 7,Cardiff,9.8
W01001716,Canton 8,Cardiff,11.9
W01001717,Canton 9,Cardiff,19.3
W01001718,Cathays 1,Cardiff,19.0
W01001719,Cathays 2,Cardiff,10.7
W01001720,Cathays 3,Cardiff,19.5
W01001721,Cathays 4,Cardiff,18.8
W01001722,Cathays 5,Cardiff,14.2
W01001724,Cathays 6,Cardiff,20.6
W01001725,Cathays 7,Cardiff,19.2
W01001726,Cathays 8,Cardiff,17.9
W01001727,Creigiau/St. Fagans 1,Cardiff,4.6
W01001728,Creigiau/St. Fagans 2,Cardiff,1.7
W01001729,Creigiau/St. Fagans 3,Cardiff,5.5
W01001730,Cyncoed 1,Cardiff,3.0
W01001731,Cyncoed 2,Cardiff,4.1
W01001732,Cyncoed 3,Cardiff,4.2
W01001733,Cyncoed 4,Cardiff,3.7
W01001734,Cyncoed 5,Cardiff,1.9
W01001735,Cyncoed 6,Cardiff,4.0
W01001736,Cyncoed 7,Cardiff,3.5
W01001737,Ely 1,Cardiff,63.6
W01001738,Ely 2,Cardiff,66.5
W01001739,Ely 3,Cardiff,67.3
W01001740,Ely 4,Cardiff,65.9
W01001741,Ely 5,Cardiff,70.8
W01001742,Ely 6,Cardiff,61.8
W01001743,Ely 7,Cardiff,11.0
W01001744,Ely 8,Cardiff,53.3
W01001745,Ely 9,Cardiff,7.7
W01001746,Ely 10,Cardiff,49.4
W01001747,Fairwater (Cardiff) 1,Cardiff,9.1
W01001748,Fairwater (Cardiff) 2,Cardiff,26.2
W01001749,Fairwater (Cardiff) 3,Cardiff,24.5
W01001750,Fairwater (Cardiff) 4,Cardiff,39.2
W01001751,Fairwater (Cardiff) 5,Cardiff,45.0
W01001752,Fairwater (Cardiff) 6,Cardiff,9.5
W01001753,Fairwater (Cardiff) 7,Cardiff,47.8
W01001754,Fairwater (Cardiff) 8,Cardiff,15.6
W01001755,Gabalfa 1,Cardiff,11.3
W01001756,Gabalfa 2,Cardiff,16.7
W01001757,Gabalfa 3,Cardiff,12.8
W01001758,Gabalfa 4,Cardiff,11.5
W01001759,Grangetown 1,Cardiff,20.8
W01001760,Grangetown 2,Cardiff,23.8
W01001761,Grangetown 3,Cardiff,41.6
W01001762,Grangetown 4,Cardiff,56.8
W01001764,Grangetown 5,Cardiff,34.7
W01001765,Grangetown 6,Cardiff,35.7
W01001766,Grangetown 7,Cardiff,39.1
W01001767,Grangetown 8,Cardiff,31.4
W01001768,Grangetown 9,Cardiff,40.6
W01001769,Heath 1,Cardiff,1.9
W01001770,Heath 2,Cardiff,9.0
W01001771,Heath 3,Cardiff,3.7
W01001772,Heath 4,Cardiff,7.1
W01001773,Heath 5,Cardiff,7.7
W01001774,Heath 6,Cardiff,2.9
W01001775,Heath 7,Cardiff,9.6
W01001776,Heath 8,Cardiff,4.7
W01001777,Lisvane 1,Cardiff,3.5
W01001778,Lisvane 2,Cardiff,3.3
W01001779,Llandaff 1,Cardiff,3.7
W01001780,Llandaff 2,Cardiff,3.8
W01001781,Llandaff 3,Cardiff,8.9
W01001782,Llandaff 4,Cardiff,4.1
W01001783,Llandaff 5,Cardiff,3.2
W01001784,Llandaff 6,Cardiff,6.2
W01001785,Llandaff North 1,Cardiff,44.2
W01001786,Llandaff North 2,Cardiff,18.6
W01001787,Llandaff North 3,Cardiff,31.1
W01001788,Llandaff North 4,Cardiff,43.1
W01001789,Llandaff North 5,Cardiff,11.2
W01001790,Llandaff North 6,Cardiff,25.2
W01001791,Llanishen 1,Cardiff,9.4
W01001792,Llanishen 2,Cardiff,26.0
W01001793,Llanishen 3,Cardiff,3.0
W01001794,Llanishen 4,Cardiff,3.6
W01001795,Llanishen 5,Cardiff,2.1
W01001796,Llanishen 6,Cardiff,6.1
W01001797,Llanishen 7,Cardiff,7.6
W01001798,Llanishen 8,Cardiff,4.0
W01001799,Llanishen 9,Cardiff,4.0
W01001800,Llanishen 10,Cardiff,25.4
W01001802,Llanrumney 1,Cardiff,25.0
W01001803,Llanrumney 2,Cardiff,38.0
W01001804,Llanrumney 3,Cardiff,34.4
W01001805,Llanrumney 4,Cardiff,31.1
W01001806,Llanrumney 5,Cardiff,16.9
W01001807,Llanrumney 6,Cardiff,56.3
W01001808,Llanrumney 7,Cardiff,53.0
W01001809,Pentwyn 1,Cardiff,19.3
W01001810,Pentwyn 2,Cardiff,41.7
W01001811,Pentwyn 3,Cardiff,58.0
W01001812,Pentwyn 4,Cardiff,26.3
W01001813,Pentwyn 5,Cardiff,48.8
W01001814,Pentwyn 6,Cardiff,17.4
W01001815,Pentwyn 7,Cardiff,11.6
W01001816,Pentwyn 8,Cardiff,26.0
W01001817,Pentwyn 9,Cardiff,20.2
W01001818,Pentwyn 10,Cardiff,14.1
W01001819,Pentyrch 1,Cardiff,3.6
W01001820,Pentyrch 2,Cardiff,7.2
W01001821,Penylan 1,Cardiff,6.6
W01001822,Penylan 2,Cardiff,11.9
W01001823,Penylan 3,Cardiff,5.8
W01001824,Penylan 4,Cardiff,19.8
W01001825,Penylan 5,Cardiff,19.2
W01001826,Penylan 6,Cardiff,5.8
W01001827,Penylan 7,Cardiff,3.8
W01001828,Penylan 8,Cardiff,6.6
W01001829,Plasnewydd 1,Cardiff,24.6
W01001830,Plasnewydd 2,Cardiff,33.8
W01001831,Plasnewydd 3,Cardiff,20.5
W01001832,Plasnewydd 4,Cardiff,27.9
W01001833,Plasnewydd 5,Cardiff,24.8
W01001834,Plasnewydd 6,Cardiff,27.3
W01001835,Plasnewydd 7,Cardiff,54.1
W01001836,Plasnewydd 8,Cardiff,14.8
W01001837,Plasnewydd 9,Cardiff,22.9
W01001838,Plasnewydd 10,Cardiff,15.5
W01001839,Plasnewydd 11,Cardiff,20.2
W01001840,Pontprennau/Old St. Mellons 1,Cardiff,14.5
W01001841,Pontprennau/Old St. Mellons 2,Cardiff,6.2
W01001842,Pontprennau/Old St. Mellons 3,Cardiff,4.4
W01001843,Pontprennau/Old St. Mellons 4,Cardiff,5.8
W01001844,Pontprennau/Old St. Mellons 5,Cardiff,7.3
W01001846,Radyr & Morganstown 1,Cardiff,4.8
W01001847,Radyr & Morganstown 2,Cardiff,3.4
W01001848,Rhiwbina 1,Cardiff,3.8
W01001849,Rhiwbina 2,Cardiff,4.0
W01001850,Rhiwbina 3,Cardiff,2.8
W01001851,Rhiwbina 4,Cardiff,5.8
W01001852,Rhiwbina 5,Cardiff,4.0
W01001853,Rhiwbina 6,Cardiff,3.5
W01001854,Rhiwbina 7,Cardiff,5.0
W01001855,Riverside 1,Cardiff,48.6
W01001856,Riverside 2,Cardiff,51.6
W01001857,Riverside 3,Cardiff,57.4
W01001858,Riverside 4,Cardiff,12.3
W01001859,Riverside 5,Cardiff,13.6
W01001860,Riverside 6,Cardiff,13.4
W01001861,Riverside 7,Cardiff,15.2
W01001862,Riverside 8,Cardiff,35.4
W01001863,Rumney 1,Cardiff,20.2
W01001864,Rumney 2,Cardiff,9.1
W01001865,Rumney 3,Cardiff,11.5
W01001866,Rumney 4,Cardiff,36.9
W01001867,Rumney 5,Cardiff,52.2
W01001868,Rumney 6,Cardiff,30.3
W01001869,Splott 1,Cardiff,31.9
W01001870,Splott 2,Cardiff,27.1
W01001871,Splott 3,Cardiff,61.2
W01001872,Splott 4,Cardiff,35.1
W01001873,Splott 5,Cardiff,46.6
W01001874,Splott 6,Cardiff,71.4
W01001875,Splott 7,Cardiff,28.3
W01001876,Splott 8,Cardiff,56.4
W01001877,Trowbridge 1,Cardiff,11.9
W01001878,Trowbridge 2,Cardiff,17.7
W01001879,Trowbridge 3,Cardiff,45.1
W01001880,Trowbridge 4,Cardiff,59.4
W01001881,Trowbridge 5,Cardiff,46.3
W01001882,Trowbridge 6,Cardiff,13.5
W01001883,Trowbridge 7,Cardiff,49.6
W01001884,Trowbridge 8,Cardiff,71.2
W01001885,Trowbridge 9,Cardiff,32.7
W01001886,Trowbridge 10,Cardiff,52.7
W01001887,Whitchurch and Tongwynlais 1,Cardiff,2.6
W01001888,Whitchurch and Tongwynlais 2,Cardiff,9.6
W01001889,Whitchurch and Tongwynlais 3,Cardiff,12.3
W01001890,Whitchurch and Tongwynlais 4,Cardiff,6.1
W01001891,Whitchurch and Tongwynlais 5,Cardiff,12.3
W01001892,Whitchurch and Tongwynlais 6,Cardiff,4.2
W01001893,Whitchurch and Tongwynlais 7,Cardiff,13.2
W01001894,Whitchurch and Tongwynlais 8,Cardiff,5.3
W01001895,Whitchurch and Tongwynlais 9,Cardiff,34.7
W01001896,Whitchurch and Tongwynlais 10,Cardiff,4.0
W01001897,Talybont-on-Usk,Powys,11.0
W01001898,Vaynor 1,Merthyr Tydfil,28.2
W01001899,Cwm-twrch,Powys,23.8
W01001900,Ystalyfera 1,Neath Port Talbot,28.7
W01001901,St. John 1,Powys,7.9
W01001902,St. John 2,Powys,27.8
W01001903,Crickhowell,Powys,9.7
W01001904,Llangattock and Glangrwyney,Powys,9.8
W01001905,"Llangors, Bwlch & Grwyney",Powys,10.5
W01001906,Llanrhaeadr-ym-Mochnant,Powys,16.4
W01001907,Llansilin,Powys,16.0
W01001908,Dewstow,Monmouthshire,17.1
W01001909,Croesonen,Monmouthshire,24.1
W01001910,Castleland 2G,Vale of Glamorgan,34.5
W01001911,Castleland 2H,Vale of Glamorgan,30.4
W01001912,Marshfield 4,Newport,15.0
W01001913,Marshfield 5,Newport,7.3
W01001914,Tonyrefail West 2,Rhondda Cynon Taf,5.5
W01001915,Church Village 2,Rhondda Cynon Taf,2.3
W01001916,Church Village 3,Rhondda Cynon Taf,0.9
W01001917,Tonyrefail West 4,Rhondda Cynon Taf,18.6
W01001918,Bryntirion Laleston and Merthyr Mawr 1,Bridgend,1.8
W01001919,Bryntirion Laleston and Merthyr Mawr 4,Bridgend,1.4
W01001920,Bryntirion Laleston and Merthyr Mawr 5,Bridgend,2.3
W01001921,Bryntirion Laleston and Merthyr Mawr 6,Bridgend,7.8
W01001922,Cathays 9,Cardiff,19.0
W01001923,Glanymor 3,Carmarthenshire,26.7
W01001924,Glanymor 4,Carmarthenshire,57.1
W01001925,Hengoed 2,Carmarthenshire,18.8
W01001926,Llansanffraid,Conwy,9.3
W01001927,Abergele Pensarn 1,Conwy,18.9
W01001928,Abergele Pensarn 2,Conwy,57.0
W01001929,Smithfield 2,Wrexham,28.7
W01001930,Ceiriog Valley 3,Wrexham,15.8
W01001931,Smithfield 3,Wrexham,46.6
W01001932,Aberdaron / Botwnnog & Tudweiliog,Gwynedd,17.9
W01001933,Aberdovey / Bryn-crug / Llanfihangel,Gwynedd,12.2
W01001934,Penglais,Ceredigion,8.7
W01001935,Llanbadarn Fawr South,Ceredigion,10.2
W01001936,Llanbadarn Fawr North,Ceredigion,6.0
W01001937,Borth,Ceredigion,11.7
W01001938,Castle 7 East,Swansea,15.4
W01001939,Cathays 10,Cardiff,20.1
W01001940,Butetown 2,Cardiff,6.0
W01001941,Cathays 11,Cardiff,17.1
W01001942,Butetown 3,Cardiff,37.0
W01001943,Butetown 4,Cardiff,13.7
W01001944,Butetown 5,Cardiff,5.7
W01001945,Grangetown 10,Cardiff,6.7
W01001946,Grangetown 11,Cardiff,31.9
W01001947,Grangetown 12,Cardiff,6.7
W01001948,Radyr & Morganstown 3,Cardiff,1.5
W01001949,Llanishen 11,Cardiff,9.1
W01001950,Butetown 6,Cardiff,5.5
W01001951,Butetown 7,Cardiff,14.8
W01001952,Butetown 8,Cardiff,26.9
W01001953,Llanishen 12,Cardiff,14.1
W01001954,Radyr & Morganstown 4,Cardiff,3.3
W01001955,Castle 2 North,Swansea,64.7
W01001956,Killay 3,Swansea,2.1
W01001957,Castle 7 West,Swansea,28.5
W01001958,Castle 2 South,Swansea,16.5
